Trial,Subject,Condition,Partner,ChoiceType,ChoiceRT,Outcome,PartnerChoice,PreviousPlayerChoice,PreviousPartnerCHoice,Previous Outcome,First Partner within Session,SessionOrder1,SessionOrder2
1,102,SR,PRO,0,4403,3,0,NaN,NaN,NaN,ANTI,1,SR
2,102,SR,PRO,1,2059,1,0,0,0,3,ANTI,1,SR
3,102,SR,PRO,0,1663,3,0,1,0,1,ANTI,1,SR
4,102,SR,PRO,0,585,3,0,0,0,3,ANTI,1,SR
5,102,SR,PRO,1,749,1,0,0,0,3,ANTI,1,SR
6,102,SR,PRO,1,666,1,0,1,0,1,ANTI,1,SR
7,102,SR,PRO,0,2597,4,1,1,0,1,ANTI,1,SR
8,102,SR,PRO,0,5191,3,0,0,1,4,ANTI,1,SR
9,102,SR,PRO,1,1844,1,0,0,0,3,ANTI,1,SR
10,102,SR,PRO,0,2263,3,0,1,0,1,ANTI,1,SR
11,102,SR,PRO,1,3227,1,0,0,0,3,ANTI,1,SR
12,102,SR,PRO,1,1245,1,0,1,0,1,ANTI,1,SR
13,102,SR,PRO,1,1756,2,1,1,0,1,ANTI,1,SR
14,102,SR,PRO,1,994,1,0,1,1,2,ANTI,1,SR
15,102,SR,PRO,1,821,1,0,1,0,1,ANTI,1,SR
16,102,SR,PRO,0,462,4,1,1,0,1,ANTI,1,SR
1,102,SR,ANTI,0,922,4,1,NaN,NaN,NaN,ANTI,1,SR
2,102,SR,ANTI,1,559,1,0,0,1,4,ANTI,1,SR
3,102,SR,ANTI,1,1515,2,1,1,0,1,ANTI,1,SR
4,102,SR,ANTI,1,1354,2,1,1,1,2,ANTI,1,SR
5,102,SR,ANTI,1,847,2,1,1,1,2,ANTI,1,SR
6,102,SR,ANTI,1,455,2,1,1,1,2,ANTI,1,SR
7,102,SR,ANTI,0,537,4,1,1,1,2,ANTI,1,SR
8,102,SR,ANTI,0,389,3,0,0,1,4,ANTI,1,SR
9,102,SR,ANTI,1,603,1,0,0,0,3,ANTI,1,SR
10,102,SR,ANTI,1,733,2,1,1,0,1,ANTI,1,SR
11,102,SR,ANTI,0,300,4,1,1,1,2,ANTI,1,SR
12,102,SR,ANTI,0,504,3,0,0,1,4,ANTI,1,SR
13,102,SR,ANTI,1,393,1,0,0,0,3,ANTI,1,SR
14,102,SR,ANTI,0,482,3,0,1,0,1,ANTI,1,SR
15,102,SR,ANTI,0,582,3,0,0,0,3,ANTI,1,SR
16,102,SR,ANTI,0,460,3,0,0,0,3,ANTI,1,SR
1,102,SD,PRO,0,3168,3,0,NaN,NaN,NaN,PRO,1,SR
2,102,SD,PRO,1,2169,1,0,0,0,3,PRO,1,SR
3,102,SD,PRO,1,1718,1,0,1,0,1,PRO,1,SR
4,102,SD,PRO,1,1545,2,1,1,0,1,PRO,1,SR
5,102,SD,PRO,1,1590,2,1,1,1,2,PRO,1,SR
6,102,SD,PRO,1,1508,1,0,1,1,2,PRO,1,SR
7,102,SD,PRO,1,1173,1,0,1,0,1,PRO,1,SR
8,102,SD,PRO,1,1475,2,1,1,0,1,PRO,1,SR
9,102,SD,PRO,1,1262,1,0,1,1,2,PRO,1,SR
10,102,SD,PRO,1,1352,2,1,1,0,1,PRO,1,SR
11,102,SD,PRO,1,1793,2,1,1,1,2,PRO,1,SR
12,102,SD,PRO,1,2173,2,1,1,1,2,PRO,1,SR
13,102,SD,PRO,1,1559,1,0,1,1,2,PRO,1,SR
14,102,SD,PRO,1,1927,1,0,1,0,1,PRO,1,SR
15,102,SD,PRO,1,1828,2,1,1,0,1,PRO,1,SR
16,102,SD,PRO,1,2427,1,0,1,1,2,PRO,1,SR
1,102,SD,ANTI,1,2669,2,1,NaN,NaN,NaN,PRO,1,SR
2,102,SD,ANTI,1,2196,2,1,1,1,2,PRO,1,SR
3,102,SD,ANTI,1,1691,2,1,1,1,2,PRO,1,SR
4,102,SD,ANTI,1,1529,2,1,1,1,2,PRO,1,SR
5,102,SD,ANTI,1,1421,2,1,1,1,2,PRO,1,SR
6,102,SD,ANTI,1,1459,2,1,1,1,2,PRO,1,SR
7,102,SD,ANTI,1,1686,2,1,1,1,2,PRO,1,SR
8,102,SD,ANTI,1,1694,2,1,1,1,2,PRO,1,SR
9,102,SD,ANTI,1,1710,2,1,1,1,2,PRO,1,SR
10,102,SD,ANTI,1,1436,2,1,1,1,2,PRO,1,SR
11,102,SD,ANTI,0,1114,3,0,1,1,2,PRO,1,SR
12,102,SD,ANTI,1,1344,1,0,0,0,3,PRO,1,SR
13,102,SD,ANTI,1,1289,2,1,1,0,1,PRO,1,SR
14,102,SD,ANTI,1,2014,2,1,1,1,2,PRO,1,SR
15,102,SD,ANTI,1,1555,1,0,1,1,2,PRO,1,SR
16,102,SD,ANTI,1,2057,1,0,1,0,1,PRO,1,SR
1,103,SR,PRO,1,0,1,0,NaN,NaN,NaN,ANTI,1,SR
2,103,SR,PRO,0,1280,3,0,1,0,1,ANTI,1,SR
3,103,SR,PRO,1,897,1,0,0,0,3,ANTI,1,SR
4,103,SR,PRO,1,1402,2,1,1,0,1,ANTI,1,SR
5,103,SR,PRO,0,890,4,1,1,1,2,ANTI,1,SR
6,103,SR,PRO,1,1817,1,0,0,1,4,ANTI,1,SR
7,103,SR,PRO,1,746,2,1,1,0,1,ANTI,1,SR
8,103,SR,PRO,1,457,1,0,1,1,2,ANTI,1,SR
9,103,SR,PRO,0,773,3,0,1,0,1,ANTI,1,SR
10,103,SR,PRO,1,428,1,0,0,0,3,ANTI,1,SR
11,103,SR,PRO,0,309,3,0,1,0,1,ANTI,1,SR
12,103,SR,PRO,0,668,3,0,0,0,3,ANTI,1,SR
13,103,SR,PRO,0,949,4,1,0,0,3,ANTI,1,SR
14,103,SR,PRO,1,496,1,0,0,1,4,ANTI,1,SR
15,103,SR,PRO,0,660,3,0,1,0,1,ANTI,1,SR
16,103,SR,PRO,1,459,1,0,0,0,3,ANTI,1,SR
1,103,SR,ANTI,1,2782,2,1,NaN,NaN,NaN,ANTI,1,SR
2,103,SR,ANTI,0,1226,4,1,1,1,2,ANTI,1,SR
3,103,SR,ANTI,0,475,3,0,0,1,4,ANTI,1,SR
4,103,SR,ANTI,1,1554,1,0,0,0,3,ANTI,1,SR
5,103,SR,ANTI,1,638,2,1,1,0,1,ANTI,1,SR
6,103,SR,ANTI,0,1040,4,1,1,1,2,ANTI,1,SR
7,103,SR,ANTI,1,728,1,0,0,1,4,ANTI,1,SR
8,103,SR,ANTI,1,1240,2,1,1,0,1,ANTI,1,SR
9,103,SR,ANTI,1,1329,2,1,1,1,2,ANTI,1,SR
10,103,SR,ANTI,0,885,4,1,1,1,2,ANTI,1,SR
11,103,SR,ANTI,0,588,3,0,0,1,4,ANTI,1,SR
12,103,SR,ANTI,0,558,3,0,0,0,3,ANTI,1,SR
13,103,SR,ANTI,1,1615,1,0,0,0,3,ANTI,1,SR
14,103,SR,ANTI,1,2237,2,1,1,0,1,ANTI,1,SR
15,103,SR,ANTI,0,1954,4,1,1,1,2,ANTI,1,SR
16,103,SR,ANTI,0,2564,3,0,0,1,4,ANTI,1,SR
1,103,SD,PRO,1,5881,1,0,NaN,NaN,NaN,PRO,1,SR
2,103,SD,PRO,1,766,1,0,1,0,1,PRO,1,SR
3,103,SD,PRO,1,617,2,1,1,0,1,PRO,1,SR
4,103,SD,PRO,1,1572,1,0,1,1,2,PRO,1,SR
5,103,SD,PRO,1,685,1,0,1,0,1,PRO,1,SR
6,103,SD,PRO,1,2015,2,1,1,0,1,PRO,1,SR
7,103,SD,PRO,1,806,1,0,1,1,2,PRO,1,SR
8,103,SD,PRO,1,2915,1,0,1,0,1,PRO,1,SR
9,103,SD,PRO,1,1140,2,1,1,0,1,PRO,1,SR
10,103,SD,PRO,1,962,1,0,1,1,2,PRO,1,SR
11,103,SD,PRO,1,3416,2,1,1,0,1,PRO,1,SR
12,103,SD,PRO,1,1416,1,0,1,1,2,PRO,1,SR
13,103,SD,PRO,1,1032,1,0,1,0,1,PRO,1,SR
14,103,SD,PRO,1,0,2,1,1,0,1,PRO,1,SR
15,103,SD,PRO,1,0,1,0,1,1,2,PRO,1,SR
16,103,SD,PRO,1,0,2,1,1,0,1,PRO,1,SR
1,103,SD,ANTI,1,3236,2,1,NaN,NaN,NaN,PRO,1,SR
2,103,SD,ANTI,1,977,1,0,1,1,2,PRO,1,SR
3,103,SD,ANTI,1,1014,2,1,1,0,1,PRO,1,SR
4,103,SD,ANTI,1,791,1,0,1,1,2,PRO,1,SR
5,103,SD,ANTI,0,1633,4,1,1,0,1,PRO,1,SR
6,103,SD,ANTI,1,1988,1,0,0,1,4,PRO,1,SR
7,103,SD,ANTI,1,1040,2,1,1,0,1,PRO,1,SR
8,103,SD,ANTI,1,750,2,1,1,1,2,PRO,1,SR
9,103,SD,ANTI,1,728,2,1,1,1,2,PRO,1,SR
10,103,SD,ANTI,1,673,2,1,1,1,2,PRO,1,SR
11,103,SD,ANTI,1,3334,2,1,1,1,2,PRO,1,SR
12,103,SD,ANTI,0,1202,4,1,1,1,2,PRO,1,SR
13,103,SD,ANTI,1,584,1,0,0,1,4,PRO,1,SR
14,103,SD,ANTI,1,707,2,1,1,0,1,PRO,1,SR
15,103,SD,ANTI,1,747,2,1,1,1,2,PRO,1,SR
16,103,SD,ANTI,1,737,2,1,1,1,2,PRO,1,SR
1,104,SR,PRO,0,3979,3,0,NaN,NaN,NaN,ANTI,2,SD
2,104,SR,PRO,0,731,3,0,0,0,3,ANTI,2,SD
3,104,SR,PRO,0,525,3,0,0,0,3,ANTI,2,SD
4,104,SR,PRO,1,485,1,0,0,0,3,ANTI,2,SD
5,104,SR,PRO,1,3602,1,0,1,0,1,ANTI,2,SD
6,104,SR,PRO,0,929,4,1,1,0,1,ANTI,2,SD
7,104,SR,PRO,1,1077,1,0,0,1,4,ANTI,2,SD
8,104,SR,PRO,0,903,3,0,1,0,1,ANTI,2,SD
9,104,SR,PRO,1,546,1,0,0,0,3,ANTI,2,SD
10,104,SR,PRO,0,1929,4,1,1,0,1,ANTI,2,SD
11,104,SR,PRO,1,459,1,0,0,1,4,ANTI,2,SD
12,104,SR,PRO,0,610,3,0,1,0,1,ANTI,2,SD
13,104,SR,PRO,0,4241,3,0,0,0,3,ANTI,2,SD
14,104,SR,PRO,1,751,1,0,0,0,3,ANTI,2,SD
15,104,SR,PRO,0,934,4,1,1,0,1,ANTI,2,SD
16,104,SR,PRO,1,1625,1,0,0,1,4,ANTI,2,SD
1,104,SR,ANTI,1,5819,2,0,NaN,NaN,NaN,ANTI,2,SD
2,104,SR,ANTI,1,1390,1,1,1,0,2,ANTI,2,SD
3,104,SR,ANTI,1,4606,1,0,1,1,1,ANTI,2,SD
4,104,SR,ANTI,1,882,2,1,1,0,1,ANTI,2,SD
5,104,SR,ANTI,1,658,2,1,1,1,2,ANTI,2,SD
6,104,SR,ANTI,1,1210,2,1,1,1,2,ANTI,2,SD
7,104,SR,ANTI,1,1430,2,1,1,1,2,ANTI,2,SD
8,104,SR,ANTI,0,976,4,0,1,1,2,ANTI,2,SD
9,104,SR,ANTI,0,746,3,1,0,0,4,ANTI,2,SD
10,104,SR,ANTI,1,526,1,1,0,1,3,ANTI,2,SD
11,104,SR,ANTI,1,682,1,0,1,1,1,ANTI,2,SD
12,104,SR,ANTI,1,704,2,0,1,0,1,ANTI,2,SD
13,104,SR,ANTI,0,366,3,0,1,0,2,ANTI,2,SD
14,104,SR,ANTI,1,3212,1,1,0,0,3,ANTI,2,SD
15,104,SR,ANTI,1,743,2,1,1,1,1,ANTI,2,SD
16,104,SR,ANTI,0,673,4,1,1,1,2,ANTI,2,SD
1,104,SD,PRO,0,3869,1,0,NaN,NaN,NaN,PRO,2,SD
2,104,SD,PRO,1,1796,1,0,0,0,1,PRO,2,SD
3,104,SD,PRO,1,1154,1,0,1,0,1,PRO,2,SD
4,104,SD,PRO,1,1079,1,0,1,0,1,PRO,2,SD
5,104,SD,PRO,1,872,1,0,1,0,1,PRO,2,SD
6,104,SD,PRO,1,2046,1,0,1,0,1,PRO,2,SD
7,104,SD,PRO,0,2803,3,0,1,0,1,PRO,2,SD
8,104,SD,PRO,1,3813,3,0,0,0,3,PRO,2,SD
9,104,SD,PRO,1,867,4,1,1,0,3,PRO,2,SD
10,104,SD,PRO,1,657,1,0,1,1,4,PRO,2,SD
11,104,SD,PRO,1,820,3,0,1,0,1,PRO,2,SD
12,104,SD,PRO,1,1145,4,1,1,0,3,PRO,2,SD
13,104,SD,PRO,1,777,1,0,1,1,4,PRO,2,SD
14,104,SD,PRO,1,747,3,0,1,0,1,PRO,2,SD
15,104,SD,PRO,1,2558,1,0,1,0,3,PRO,2,SD
16,104,SD,PRO,1,518,3,0,1,0,1,PRO,2,SD
1,104,SD,ANTI,0,1726,2,1,NaN,NaN,NaN,PRO,2,SD
2,104,SD,ANTI,1,1385,3,0,0,1,2,PRO,2,SD
3,104,SD,ANTI,0,389,2,0,1,0,3,PRO,2,SD
4,104,SD,ANTI,0,2453,1,1,0,0,2,PRO,2,SD
5,104,SD,ANTI,1,868,3,1,0,1,1,PRO,2,SD
6,104,SD,ANTI,0,2054,1,1,1,1,3,PRO,2,SD
7,104,SD,ANTI,1,738,3,1,0,1,1,PRO,2,SD
8,104,SD,ANTI,0,2301,2,1,1,1,3,PRO,2,SD
9,104,SD,ANTI,1,763,3,0,0,1,2,PRO,2,SD
10,104,SD,ANTI,1,636,3,0,1,0,3,PRO,2,SD
11,104,SD,ANTI,1,0,4,0,1,0,3,PRO,2,SD
12,104,SD,ANTI,1,762,4,1,1,0,4,PRO,2,SD
13,104,SD,ANTI,0,560,2,0,1,1,4,PRO,2,SD
14,104,SD,ANTI,0,4727,1,0,0,0,2,PRO,2,SD
15,104,SD,ANTI,1,0,3,1,0,0,1,PRO,2,SD
16,104,SD,ANTI,1,0,3,1,1,1,3,PRO,2,SD
1,105,SR,PRO,1,1518,1,0,NaN,NaN,NaN,ANTI,2,SD
2,105,SR,PRO,0,2299,3,0,1,0,1,ANTI,2,SD
3,105,SR,PRO,1,524,1,0,0,0,3,ANTI,2,SD
4,105,SR,PRO,1,855,1,0,1,0,1,ANTI,2,SD
5,105,SR,PRO,1,797,2,1,1,0,1,ANTI,2,SD
6,105,SR,PRO,1,2227,1,0,1,1,2,ANTI,2,SD
7,105,SR,PRO,1,1061,1,0,1,0,1,ANTI,2,SD
8,105,SR,PRO,1,1337,2,1,1,0,1,ANTI,2,SD
9,105,SR,PRO,1,1458,2,1,1,1,2,ANTI,2,SD
10,105,SR,PRO,0,2023,4,1,1,1,2,ANTI,2,SD
11,105,SR,PRO,1,541,1,0,0,1,4,ANTI,2,SD
12,105,SR,PRO,1,761,1,0,1,0,1,ANTI,2,SD
13,105,SR,PRO,1,884,2,1,1,0,1,ANTI,2,SD
14,105,SR,PRO,1,536,1,0,1,1,2,ANTI,2,SD
15,105,SR,PRO,1,498,2,1,1,0,1,ANTI,2,SD
16,105,SR,PRO,0,670,3,0,1,1,2,ANTI,2,SD
1,105,SR,ANTI,1,1031,2,1,NaN,NaN,NaN,ANTI,2,SD
2,105,SR,ANTI,1,624,2,1,1,1,2,ANTI,2,SD
3,105,SR,ANTI,1,720,2,1,1,1,2,ANTI,2,SD
4,105,SR,ANTI,1,373,2,1,1,1,2,ANTI,2,SD
5,105,SR,ANTI,1,1610,2,1,1,1,2,ANTI,2,SD
6,105,SR,ANTI,1,632,2,1,1,1,2,ANTI,2,SD
7,105,SR,ANTI,1,685,1,0,1,1,2,ANTI,2,SD
8,105,SR,ANTI,0,1186,4,1,1,0,1,ANTI,2,SD
9,105,SR,ANTI,1,791,1,0,0,1,4,ANTI,2,SD
10,105,SR,ANTI,1,786,2,1,1,0,1,ANTI,2,SD
11,105,SR,ANTI,1,631,2,1,1,1,2,ANTI,2,SD
12,105,SR,ANTI,1,689,1,0,1,1,2,ANTI,2,SD
13,105,SR,ANTI,1,824,2,1,1,0,1,ANTI,2,SD
14,105,SR,ANTI,1,645,2,1,1,1,2,ANTI,2,SD
15,105,SR,ANTI,1,717,1,0,1,1,2,ANTI,2,SD
16,105,SR,ANTI,1,1108,2,1,1,0,1,ANTI,2,SD
1,105,SD,PRO,0,2182,3,0,NaN,NaN,NaN,PRO,2,SD
2,105,SD,PRO,1,5226,1,0,0,0,3,PRO,2,SD
3,105,SD,PRO,1,2917,1,0,1,0,1,PRO,2,SD
4,105,SD,PRO,1,1647,2,1,1,0,1,PRO,2,SD
5,105,SD,PRO,1,0,1,0,1,1,2,PRO,2,SD
6,105,SD,PRO,1,1822,2,1,1,0,1,PRO,2,SD
7,105,SD,PRO,0,3656,4,1,1,1,2,PRO,2,SD
8,105,SD,PRO,1,0,1,0,0,1,4,PRO,2,SD
9,105,SD,PRO,1,1840,2,1,1,0,1,PRO,2,SD
10,105,SD,PRO,1,2555,1,0,1,1,2,PRO,2,SD
11,105,SD,PRO,1,0,1,0,1,0,1,PRO,2,SD
12,105,SD,PRO,1,0,2,1,1,0,1,PRO,2,SD
13,105,SD,PRO,1,4770,1,0,1,1,2,PRO,2,SD
14,105,SD,PRO,1,1448,1,0,1,0,1,PRO,2,SD
15,105,SD,PRO,1,0,2,1,1,0,1,PRO,2,SD
16,105,SD,PRO,1,0,2,1,1,1,2,PRO,2,SD
1,105,SD,ANTI,0,2939,4,1,NaN,NaN,NaN,PRO,2,SD
2,105,SD,ANTI,1,3785,2,1,0,1,4,PRO,2,SD
3,105,SD,ANTI,1,2642,2,1,1,1,2,PRO,2,SD
4,105,SD,ANTI,1,1259,1,0,1,1,2,PRO,2,SD
5,105,SD,ANTI,1,2703,2,1,1,0,1,PRO,2,SD
6,105,SD,ANTI,0,1494,3,0,1,1,2,PRO,2,SD
7,105,SD,ANTI,0,1854,3,0,0,0,3,PRO,2,SD
8,105,SD,ANTI,1,890,1,0,0,0,3,PRO,2,SD
9,105,SD,ANTI,1,995,2,1,1,0,1,PRO,2,SD
10,105,SD,ANTI,1,1017,2,1,1,1,2,PRO,2,SD
11,105,SD,ANTI,0,1060,4,1,1,1,2,PRO,2,SD
12,105,SD,ANTI,0,1498,3,0,0,1,4,PRO,2,SD
13,105,SD,ANTI,0,1055,3,0,0,0,3,PRO,2,SD
14,105,SD,ANTI,1,1143,1,0,0,0,3,PRO,2,SD
15,105,SD,ANTI,0,1717,3,0,1,0,1,PRO,2,SD
16,105,SD,ANTI,1,958,1,0,0,0,3,PRO,2,SD
1,106,SR,PRO,1,3496,1,0,NaN,NaN,NaN,ANTI,2,SD
2,106,SR,PRO,1,969,1,0,1,0,1,ANTI,2,SD
3,106,SR,PRO,1,4932,2,1,1,0,1,ANTI,2,SD
4,106,SR,PRO,0,3157,3,0,1,1,2,ANTI,2,SD
5,106,SR,PRO,0,690,3,0,0,0,3,ANTI,2,SD
6,106,SR,PRO,0,541,3,0,0,0,3,ANTI,2,SD
7,106,SR,PRO,0,1363,3,0,0,0,3,ANTI,2,SD
8,106,SR,PRO,0,329,3,0,0,0,3,ANTI,2,SD
9,106,SR,PRO,0,202,3,0,0,0,3,ANTI,2,SD
10,106,SR,PRO,1,818,1,0,0,0,3,ANTI,2,SD
11,106,SR,PRO,1,728,1,0,1,0,1,ANTI,2,SD
12,106,SR,PRO,1,2137,2,1,1,0,1,ANTI,2,SD
13,106,SR,PRO,0,786,3,0,1,1,2,ANTI,2,SD
14,106,SR,PRO,1,676,1,0,0,0,3,ANTI,2,SD
15,106,SR,PRO,1,452,1,0,1,0,1,ANTI,2,SD
16,106,SR,PRO,1,433,2,1,1,0,1,ANTI,2,SD
1,106,SR,ANTI,0,967,4,1,NaN,NaN,NaN,ANTI,2,SD
2,106,SR,ANTI,1,1652,2,1,0,1,4,ANTI,2,SD
3,106,SR,ANTI,1,547,2,1,1,1,2,ANTI,2,SD
4,106,SR,ANTI,1,522,1,0,1,1,2,ANTI,2,SD
5,106,SR,ANTI,1,2188,2,1,1,0,1,ANTI,2,SD
6,106,SR,ANTI,1,5229,2,1,1,1,2,ANTI,2,SD
7,106,SR,ANTI,1,829,2,1,1,1,2,ANTI,2,SD
8,106,SR,ANTI,0,490,4,1,1,1,2,ANTI,2,SD
9,106,SR,ANTI,1,408,1,0,0,1,4,ANTI,2,SD
10,106,SR,ANTI,1,454,2,1,1,0,1,ANTI,2,SD
11,106,SR,ANTI,1,568,2,1,1,1,2,ANTI,2,SD
12,106,SR,ANTI,1,316,2,1,1,1,2,ANTI,2,SD
13,106,SR,ANTI,1,301,1,0,1,1,2,ANTI,2,SD
14,106,SR,ANTI,1,391,2,1,1,0,1,ANTI,2,SD
15,106,SR,ANTI,0,2212,3,0,1,1,2,ANTI,2,SD
16,106,SR,ANTI,0,586,3,0,0,0,3,ANTI,2,SD
1,106,SD,PRO,1,0,1,0,NaN,NaN,NaN,PRO,2,SD
2,106,SD,PRO,1,2745,1,0,1,0,1,PRO,2,SD
3,106,SD,PRO,1,4775,2,1,1,0,1,PRO,2,SD
4,106,SD,PRO,1,808,2,1,1,1,2,PRO,2,SD
5,106,SD,PRO,0,452,4,1,1,1,2,PRO,2,SD
6,106,SD,PRO,0,341,3,0,0,1,4,PRO,2,SD
7,106,SD,PRO,0,377,3,0,0,0,3,PRO,2,SD
8,106,SD,PRO,0,3999,3,0,0,0,3,PRO,2,SD
9,106,SD,PRO,0,2038,3,0,0,0,3,PRO,2,SD
10,106,SD,PRO,0,406,3,0,0,0,3,PRO,2,SD
11,106,SD,PRO,0,2045,3,0,0,0,3,PRO,2,SD
12,106,SD,PRO,0,2580,3,0,0,0,3,PRO,2,SD
13,106,SD,PRO,0,2725,3,0,0,0,3,PRO,2,SD
14,106,SD,PRO,0,5139,3,0,0,0,3,PRO,2,SD
15,106,SD,PRO,0,626,3,0,0,0,3,PRO,2,SD
16,106,SD,PRO,0,2253,3,0,0,0,3,PRO,2,SD
1,106,SD,ANTI,0,2447,4,1,NaN,NaN,NaN,PRO,2,SD
2,106,SD,ANTI,1,5632,2,1,0,1,4,PRO,2,SD
3,106,SD,ANTI,1,1701,2,1,1,1,2,PRO,2,SD
4,106,SD,ANTI,1,606,1,0,1,1,2,PRO,2,SD
5,106,SD,ANTI,1,2770,1,0,1,0,1,PRO,2,SD
6,106,SD,ANTI,1,1103,2,1,1,0,1,PRO,2,SD
7,106,SD,ANTI,0,3156,4,1,1,1,2,PRO,2,SD
8,106,SD,ANTI,0,577,3,0,0,1,4,PRO,2,SD
9,106,SD,ANTI,0,1016,3,0,0,0,3,PRO,2,SD
10,106,SD,ANTI,0,536,3,0,0,0,3,PRO,2,SD
11,106,SD,ANTI,0,784,3,0,0,0,3,PRO,2,SD
12,106,SD,ANTI,0,1447,3,0,0,0,3,PRO,2,SD
13,106,SD,ANTI,0,1336,3,0,0,0,3,PRO,2,SD
14,106,SD,ANTI,0,521,3,0,0,0,3,PRO,2,SD
15,106,SD,ANTI,0,719,3,0,0,0,3,PRO,2,SD
16,106,SD,ANTI,0,1591,3,0,0,0,3,PRO,2,SD
1,107,SR,PRO,1,2021,1,0,NaN,NaN,NaN,ANTI,2,SD
2,107,SR,PRO,1,2478,1,0,1,0,1,ANTI,2,SD
3,107,SR,PRO,0,1441,4,1,1,0,1,ANTI,2,SD
4,107,SR,PRO,1,2021,1,0,0,1,4,ANTI,2,SD
5,107,SR,PRO,0,425,3,0,1,0,1,ANTI,2,SD
6,107,SR,PRO,0,655,3,0,0,0,3,ANTI,2,SD
7,107,SR,PRO,0,254,3,0,0,0,3,ANTI,2,SD
8,107,SR,PRO,0,276,3,0,0,0,3,ANTI,2,SD
9,107,SR,PRO,0,681,3,0,0,0,3,ANTI,2,SD
10,107,SR,PRO,0,330,3,0,0,0,3,ANTI,2,SD
11,107,SR,PRO,0,264,3,0,0,0,3,ANTI,2,SD
12,107,SR,PRO,0,765,3,0,0,0,3,ANTI,2,SD
13,107,SR,PRO,0,449,3,0,0,0,3,ANTI,2,SD
14,107,SR,PRO,0,1889,3,0,0,0,3,ANTI,2,SD
15,107,SR,PRO,0,793,3,0,0,0,3,ANTI,2,SD
16,107,SR,PRO,0,299,3,0,0,0,3,ANTI,2,SD
1,107,SR,ANTI,0,1208,4,1,NaN,NaN,NaN,ANTI,2,SD
2,107,SR,ANTI,0,343,3,0,0,1,4,ANTI,2,SD
3,107,SR,ANTI,0,369,3,0,0,0,3,ANTI,2,SD
4,107,SR,ANTI,0,478,3,0,0,0,3,ANTI,2,SD
5,107,SR,ANTI,0,3267,3,0,0,0,3,ANTI,2,SD
6,107,SR,ANTI,0,859,3,0,0,0,3,ANTI,2,SD
7,107,SR,ANTI,0,428,3,0,0,0,3,ANTI,2,SD
8,107,SR,ANTI,0,352,3,0,0,0,3,ANTI,2,SD
9,107,SR,ANTI,0,798,3,0,0,0,3,ANTI,2,SD
10,107,SR,ANTI,0,1281,3,0,0,0,3,ANTI,2,SD
11,107,SR,ANTI,0,499,3,0,0,0,3,ANTI,2,SD
12,107,SR,ANTI,0,782,3,0,0,0,3,ANTI,2,SD
13,107,SR,ANTI,0,890,3,0,0,0,3,ANTI,2,SD
14,107,SR,ANTI,0,881,3,0,0,0,3,ANTI,2,SD
15,107,SR,ANTI,0,1181,3,0,0,0,3,ANTI,2,SD
16,107,SR,ANTI,0,768,3,0,0,0,3,ANTI,2,SD
1,107,SD,PRO,0,4384,3,0,NaN,NaN,NaN,PRO,2,SD
2,107,SD,PRO,1,4586,1,0,0,0,3,PRO,2,SD
3,107,SD,PRO,0,2738,3,0,1,0,1,PRO,2,SD
4,107,SD,PRO,1,4987,1,0,0,0,3,PRO,2,SD
5,107,SD,PRO,0,1848,3,0,1,0,1,PRO,2,SD
6,107,SD,PRO,0,3061,3,0,0,0,3,PRO,2,SD
7,107,SD,PRO,1,3723,1,0,0,0,3,PRO,2,SD
8,107,SD,PRO,1,718,1,0,1,0,1,PRO,2,SD
9,107,SD,PRO,1,3178,2,1,1,0,1,PRO,2,SD
10,107,SD,PRO,1,1553,1,0,1,1,2,PRO,2,SD
11,107,SD,PRO,0,1365,4,1,1,0,1,PRO,2,SD
12,107,SD,PRO,1,2878,1,0,0,1,4,PRO,2,SD
13,107,SD,PRO,1,1255,1,0,1,0,1,PRO,2,SD
14,107,SD,PRO,0,1836,4,1,1,0,1,PRO,2,SD
15,107,SD,PRO,0,495,3,0,0,1,4,PRO,2,SD
16,107,SD,PRO,1,631,1,0,0,0,3,PRO,2,SD
1,107,SD,ANTI,1,3839,2,1,NaN,NaN,NaN,PRO,2,SD
2,107,SD,ANTI,1,4018,2,1,1,1,2,PRO,2,SD
3,107,SD,ANTI,1,4218,2,1,1,1,2,PRO,2,SD
4,107,SD,ANTI,0,3771,4,1,1,1,2,PRO,2,SD
5,107,SD,ANTI,0,2102,3,0,0,1,4,PRO,2,SD
6,107,SD,ANTI,0,2901,3,0,0,0,3,PRO,2,SD
7,107,SD,ANTI,0,996,3,0,0,0,3,PRO,2,SD
8,107,SD,ANTI,1,823,1,0,0,0,3,PRO,2,SD
9,107,SD,ANTI,1,2233,1,0,1,0,1,PRO,2,SD
10,107,SD,ANTI,0,2419,4,1,1,0,1,PRO,2,SD
11,107,SD,ANTI,0,2961,3,0,0,1,4,PRO,2,SD
12,107,SD,ANTI,1,2709,1,0,0,0,3,PRO,2,SD
13,107,SD,ANTI,0,1150,4,1,1,0,1,PRO,2,SD
14,107,SD,ANTI,0,2801,3,0,0,1,4,PRO,2,SD
15,107,SD,ANTI,0,3425,3,0,0,0,3,PRO,2,SD
16,107,SD,ANTI,0,1689,1,0,0,0,3,PRO,2,SD
1,108,SR,PRO,1,2032,1,0,NaN,NaN,NaN,PRO,2,SD
2,108,SR,PRO,1,495,1,0,1,0,1,PRO,2,SD
3,108,SR,PRO,0,489,4,1,1,0,1,PRO,2,SD
4,108,SR,PRO,1,596,1,0,0,1,4,PRO,2,SD
5,108,SR,PRO,0,475,3,0,1,0,1,PRO,2,SD
6,108,SR,PRO,1,682,1,0,0,0,3,PRO,2,SD
7,108,SR,PRO,0,706,4,1,1,0,1,PRO,2,SD
8,108,SR,PRO,1,670,1,0,0,1,4,PRO,2,SD
9,108,SR,PRO,1,672,1,0,1,0,1,PRO,2,SD
10,108,SR,PRO,1,1121,2,1,1,0,1,PRO,2,SD
11,108,SR,PRO,0,343,3,0,1,1,2,PRO,2,SD
12,108,SR,PRO,1,312,1,0,0,0,3,PRO,2,SD
13,108,SR,PRO,1,537,2,1,1,0,1,PRO,2,SD
14,108,SR,PRO,1,315,1,0,1,1,2,PRO,2,SD
15,108,SR,PRO,1,525,1,0,1,0,1,PRO,2,SD
16,108,SR,PRO,1,508,2,1,1,0,1,PRO,2,SD
1,108,SR,ANTI,1,833,2,1,NaN,NaN,NaN,PRO,2,SD
2,108,SR,ANTI,0,413,4,1,1,1,2,PRO,2,SD
3,108,SR,ANTI,1,715,1,0,0,1,4,PRO,2,SD
4,108,SR,ANTI,0,609,4,1,1,0,1,PRO,2,SD
5,108,SR,ANTI,1,681,1,0,0,1,4,PRO,2,SD
6,108,SR,ANTI,1,292,2,1,1,0,1,PRO,2,SD
7,108,SR,ANTI,1,376,2,1,1,1,2,PRO,2,SD
8,108,SR,ANTI,1,510,2,1,1,1,2,PRO,2,SD
9,108,SR,ANTI,0,2453,3,0,1,1,2,PRO,2,SD
10,108,SR,ANTI,1,370,1,0,0,0,3,PRO,2,SD
11,108,SR,ANTI,1,459,2,1,1,0,1,PRO,2,SD
12,108,SR,ANTI,1,386,1,0,1,1,2,PRO,2,SD
13,108,SR,ANTI,1,317,2,1,1,0,1,PRO,2,SD
14,108,SR,ANTI,1,354,2,1,1,1,2,PRO,2,SD
15,108,SR,ANTI,1,1544,1,0,1,1,2,PRO,2,SD
16,108,SR,ANTI,1,472,1,0,1,0,1,PRO,2,SD
1,108,SD,PRO,0,1603,3,0,NaN,NaN,NaN,PRO,2,SD
2,108,SD,PRO,0,1042,3,0,0,0,3,PRO,2,SD
3,108,SD,PRO,1,2572,1,0,0,0,3,PRO,2,SD
4,108,SD,PRO,0,673,4,1,1,0,1,PRO,2,SD
5,108,SD,PRO,0,895,3,0,0,1,4,PRO,2,SD
6,108,SD,PRO,1,994,1,0,0,0,3,PRO,2,SD
7,108,SD,PRO,0,860,4,1,1,0,1,PRO,2,SD
8,108,SD,PRO,1,874,1,0,0,1,4,PRO,2,SD
9,108,SD,PRO,0,403,4,1,1,0,1,PRO,2,SD
10,108,SD,PRO,0,2160,3,0,0,1,4,PRO,2,SD
11,108,SD,PRO,0,1959,3,0,0,0,3,PRO,2,SD
12,108,SD,PRO,0,772,3,0,0,0,3,PRO,2,SD
13,108,SD,PRO,1,2158,1,0,0,0,3,PRO,2,SD
14,108,SD,PRO,0,905,4,1,1,0,1,PRO,2,SD
15,108,SD,PRO,0,438,3,0,0,1,4,PRO,2,SD
16,108,SD,PRO,0,423,3,0,0,0,3,PRO,2,SD
1,108,SD,ANTI,1,2779,2,1,NaN,NaN,NaN,PRO,2,SD
2,108,SD,ANTI,1,2250,2,1,1,1,2,PRO,2,SD
3,108,SD,ANTI,1,1690,2,1,1,1,2,PRO,2,SD
4,108,SD,ANTI,0,1419,4,1,1,1,2,PRO,2,SD
5,108,SD,ANTI,0,1380,3,0,0,1,4,PRO,2,SD
6,108,SD,ANTI,0,1559,3,0,0,0,3,PRO,2,SD
7,108,SD,ANTI,0,1779,3,0,0,0,3,PRO,2,SD
8,108,SD,ANTI,1,1695,1,0,0,0,3,PRO,2,SD
9,108,SD,ANTI,1,1810,1,0,1,0,1,PRO,2,SD
10,108,SD,ANTI,0,1466,4,1,1,0,1,PRO,2,SD
11,108,SD,ANTI,0,1222,3,0,0,1,4,PRO,2,SD
12,108,SD,ANTI,1,1444,1,0,0,0,3,PRO,2,SD
13,108,SD,ANTI,0,1329,4,1,1,0,1,PRO,2,SD
14,108,SD,ANTI,1,1932,1,0,0,1,4,PRO,2,SD
15,108,SD,ANTI,0,1455,3,0,1,0,1,PRO,2,SD
16,108,SD,ANTI,0,2561,1,0,0,0,3,PRO,2,SD
1,109,SR,PRO,0,792,3,0,NaN,NaN,NaN,ANTI,2,SD
2,109,SR,PRO,0,1243,3,0,0,0,3,ANTI,2,SD
3,109,SR,PRO,0,1067,3,0,0,0,3,ANTI,2,SD
4,109,SR,PRO,0,1035,3,0,0,0,3,ANTI,2,SD
5,109,SR,PRO,0,550,3,0,0,0,3,ANTI,2,SD
6,109,SR,PRO,0,817,3,0,0,0,3,ANTI,2,SD
7,109,SR,PRO,0,545,3,0,0,0,3,ANTI,2,SD
8,109,SR,PRO,0,642,3,0,0,0,3,ANTI,2,SD
9,109,SR,PRO,0,835,3,0,0,0,3,ANTI,2,SD
10,109,SR,PRO,0,1291,3,0,0,0,3,ANTI,2,SD
11,109,SR,PRO,0,876,3,0,0,0,3,ANTI,2,SD
12,109,SR,PRO,0,675,3,0,0,0,3,ANTI,2,SD
13,109,SR,PRO,0,520,3,0,0,0,3,ANTI,2,SD
14,109,SR,PRO,0,436,3,0,0,0,3,ANTI,2,SD
15,109,SR,PRO,0,530,3,0,0,0,3,ANTI,2,SD
16,109,SR,PRO,0,1026,3,0,0,0,3,ANTI,2,SD
1,109,SR,ANTI,0,1422,4,1,NaN,NaN,NaN,ANTI,2,SD
2,109,SR,ANTI,0,565,3,0,0,1,4,ANTI,2,SD
3,109,SR,ANTI,0,538,3,0,0,0,3,ANTI,2,SD
4,109,SR,ANTI,0,684,3,0,0,0,3,ANTI,2,SD
5,109,SR,ANTI,0,532,3,0,0,0,3,ANTI,2,SD
6,109,SR,ANTI,0,547,3,0,0,0,3,ANTI,2,SD
7,109,SR,ANTI,0,1125,3,0,0,0,3,ANTI,2,SD
8,109,SR,ANTI,0,336,3,0,0,0,3,ANTI,2,SD
9,109,SR,ANTI,0,405,3,0,0,0,3,ANTI,2,SD
10,109,SR,ANTI,0,587,3,0,0,0,3,ANTI,2,SD
11,109,SR,ANTI,0,573,3,0,0,0,3,ANTI,2,SD
12,109,SR,ANTI,0,673,3,0,0,0,3,ANTI,2,SD
13,109,SR,ANTI,0,434,3,0,0,0,3,ANTI,2,SD
14,109,SR,ANTI,0,697,3,0,0,0,3,ANTI,2,SD
15,109,SR,ANTI,0,541,3,0,0,0,3,ANTI,2,SD
16,109,SR,ANTI,0,451,3,0,0,0,3,ANTI,2,SD
1,109,SD,PRO,0,1374,3,0,NaN,NaN,NaN,PRO,2,SD
2,109,SD,PRO,0,789,3,0,0,0,3,PRO,2,SD
3,109,SD,PRO,0,1109,3,0,0,0,3,PRO,2,SD
4,109,SD,PRO,0,744,3,0,0,0,3,PRO,2,SD
5,109,SD,PRO,0,894,3,0,0,0,3,PRO,2,SD
6,109,SD,PRO,0,798,3,0,0,0,3,PRO,2,SD
7,109,SD,PRO,0,1092,3,0,0,0,3,PRO,2,SD
8,109,SD,PRO,0,629,3,0,0,0,3,PRO,2,SD
9,109,SD,PRO,0,879,3,0,0,0,3,PRO,2,SD
10,109,SD,PRO,0,599,3,0,0,0,3,PRO,2,SD
11,109,SD,PRO,0,2109,3,0,0,0,3,PRO,2,SD
12,109,SD,PRO,0,711,3,0,0,0,3,PRO,2,SD
13,109,SD,PRO,0,788,3,0,0,0,3,PRO,2,SD
14,109,SD,PRO,0,570,3,0,0,0,3,PRO,2,SD
15,109,SD,PRO,0,669,3,0,0,0,3,PRO,2,SD
16,109,SD,PRO,0,492,3,0,0,0,3,PRO,2,SD
1,109,SD,ANTI,0,650,4,1,NaN,NaN,NaN,PRO,2,SD
2,109,SD,ANTI,0,1853,3,0,0,1,4,PRO,2,SD
3,109,SD,ANTI,0,1732,3,0,0,0,3,PRO,2,SD
4,109,SD,ANTI,0,1375,3,0,0,0,3,PRO,2,SD
5,109,SD,ANTI,0,993,3,0,0,0,3,PRO,2,SD
6,109,SD,ANTI,0,761,3,0,0,0,3,PRO,2,SD
7,109,SD,ANTI,0,928,3,0,0,0,3,PRO,2,SD
8,109,SD,ANTI,0,601,3,0,0,0,3,PRO,2,SD
9,109,SD,ANTI,0,776,3,0,0,0,3,PRO,2,SD
10,109,SD,ANTI,0,1116,3,0,0,0,3,PRO,2,SD
11,109,SD,ANTI,0,820,3,0,0,0,3,PRO,2,SD
12,109,SD,ANTI,0,708,3,0,0,0,3,PRO,2,SD
13,109,SD,ANTI,0,1088,3,0,0,0,3,PRO,2,SD
14,109,SD,ANTI,0,602,3,0,0,0,3,PRO,2,SD
15,109,SD,ANTI,0,1034,3,0,0,0,3,PRO,2,SD
16,109,SD,ANTI,0,914,3,0,0,0,3,PRO,2,SD
1,110,SR,PRO,0,4948,3,0,NaN,NaN,NaN,PRO,1,SR
2,110,SR,PRO,0,1507,3,0,0,0,3,PRO,1,SR
3,110,SR,PRO,0,1558,3,0,0,0,3,PRO,1,SR
4,110,SR,PRO,0,3194,3,0,0,0,3,PRO,1,SR
5,110,SR,PRO,0,1299,3,0,0,0,3,PRO,1,SR
6,110,SR,PRO,0,664,3,0,0,0,3,PRO,1,SR
7,110,SR,PRO,0,781,3,0,0,0,3,PRO,1,SR
8,110,SR,PRO,0,2091,3,0,0,0,3,PRO,1,SR
9,110,SR,PRO,0,1404,3,0,0,0,3,PRO,1,SR
10,110,SR,PRO,0,799,3,0,0,0,3,PRO,1,SR
11,110,SR,PRO,0,971,3,0,0,0,3,PRO,1,SR
12,110,SR,PRO,0,683,3,0,0,0,3,PRO,1,SR
13,110,SR,PRO,0,840,3,0,0,0,3,PRO,1,SR
14,110,SR,PRO,0,866,3,0,0,0,3,PRO,1,SR
15,110,SR,PRO,0,741,3,0,0,0,3,PRO,1,SR
16,110,SR,PRO,0,932,3,0,0,0,3,PRO,1,SR
1,110,SR,ANTI,0,1782,4,1,NaN,NaN,NaN,PRO,1,SR
2,110,SR,ANTI,0,619,3,0,0,1,4,PRO,1,SR
3,110,SR,ANTI,0,682,3,0,0,0,3,PRO,1,SR
4,110,SR,ANTI,0,742,3,0,0,0,3,PRO,1,SR
5,110,SR,ANTI,0,1352,3,0,0,0,3,PRO,1,SR
6,110,SR,ANTI,0,662,3,0,0,0,3,PRO,1,SR
7,110,SR,ANTI,0,1153,3,0,0,0,3,PRO,1,SR
8,110,SR,ANTI,0,1661,3,0,0,0,3,PRO,1,SR
9,110,SR,ANTI,0,629,3,0,0,0,3,PRO,1,SR
10,110,SR,ANTI,0,1205,3,0,0,0,3,PRO,1,SR
11,110,SR,ANTI,0,733,3,0,0,0,3,PRO,1,SR
12,110,SR,ANTI,0,1225,3,0,0,0,3,PRO,1,SR
13,110,SR,ANTI,0,525,3,0,0,0,3,PRO,1,SR
14,110,SR,ANTI,0,782,3,0,0,0,3,PRO,1,SR
15,110,SR,ANTI,0,1048,3,0,0,0,3,PRO,1,SR
16,110,SR,ANTI,0,660,3,0,0,0,3,PRO,1,SR
1,110,SD,PRO,0,1922,3,0,NaN,NaN,NaN,ANTI,1,SR
2,110,SD,PRO,0,585,3,0,0,0,3,ANTI,1,SR
3,110,SD,PRO,0,812,3,0,0,0,3,ANTI,1,SR
4,110,SD,PRO,0,890,3,0,0,0,3,ANTI,1,SR
5,110,SD,PRO,0,669,3,0,0,0,3,ANTI,1,SR
6,110,SD,PRO,0,929,3,0,0,0,3,ANTI,1,SR
7,110,SD,PRO,0,487,3,0,0,0,3,ANTI,1,SR
8,110,SD,PRO,0,502,3,0,0,0,3,ANTI,1,SR
9,110,SD,PRO,0,504,3,0,0,0,3,ANTI,1,SR
10,110,SD,PRO,0,622,3,0,0,0,3,ANTI,1,SR
11,110,SD,PRO,0,3428,3,0,0,0,3,ANTI,1,SR
12,110,SD,PRO,0,956,3,0,0,0,3,ANTI,1,SR
13,110,SD,PRO,0,691,3,0,0,0,3,ANTI,1,SR
14,110,SD,PRO,0,606,3,0,0,0,3,ANTI,1,SR
15,110,SD,PRO,0,1273,3,0,0,0,3,ANTI,1,SR
16,110,SD,PRO,0,1918,3,0,0,0,3,ANTI,1,SR
1,110,SD,ANTI,0,1393,4,1,NaN,NaN,NaN,ANTI,1,SR
2,110,SD,ANTI,0,588,3,0,0,1,4,ANTI,1,SR
3,110,SD,ANTI,0,756,3,0,0,0,3,ANTI,1,SR
4,110,SD,ANTI,0,639,3,0,0,0,3,ANTI,1,SR
5,110,SD,ANTI,0,709,3,0,0,0,3,ANTI,1,SR
6,110,SD,ANTI,0,1057,3,0,0,0,3,ANTI,1,SR
7,110,SD,ANTI,0,659,3,0,0,0,3,ANTI,1,SR
8,110,SD,ANTI,0,844,3,0,0,0,3,ANTI,1,SR
9,110,SD,ANTI,0,1024,3,0,0,0,3,ANTI,1,SR
10,110,SD,ANTI,0,1019,3,0,0,0,3,ANTI,1,SR
11,110,SD,ANTI,0,1258,3,0,0,0,3,ANTI,1,SR
12,110,SD,ANTI,0,748,3,0,0,0,3,ANTI,1,SR
13,110,SD,ANTI,0,720,3,0,0,0,3,ANTI,1,SR
14,110,SD,ANTI,0,753,3,0,0,0,3,ANTI,1,SR
15,110,SD,ANTI,0,935,3,0,0,0,3,ANTI,1,SR
16,110,SD,ANTI,0,5257,3,0,0,0,3,ANTI,1,SR
1,112,SR,PRO,0,2304,3,0,NaN,NaN,NaN,ANTI,1,SR
2,112,SR,PRO,0,1316,3,0,0,0,3,ANTI,1,SR
3,112,SR,PRO,0,1491,3,0,0,0,3,ANTI,1,SR
4,112,SR,PRO,0,573,3,0,0,0,3,ANTI,1,SR
5,112,SR,PRO,0,539,3,0,0,0,3,ANTI,1,SR
6,112,SR,PRO,0,387,3,0,0,0,3,ANTI,1,SR
7,112,SR,PRO,0,368,3,0,0,0,3,ANTI,1,SR
8,112,SR,PRO,0,476,3,0,0,0,3,ANTI,1,SR
9,112,SR,PRO,0,450,3,0,0,0,3,ANTI,1,SR
10,112,SR,PRO,0,469,3,0,0,0,3,ANTI,1,SR
11,112,SR,PRO,0,643,3,0,0,0,3,ANTI,1,SR
12,112,SR,PRO,0,844,3,0,0,0,3,ANTI,1,SR
13,112,SR,PRO,0,499,3,0,0,0,3,ANTI,1,SR
14,112,SR,PRO,0,450,3,0,0,0,3,ANTI,1,SR
15,112,SR,PRO,0,824,3,0,0,0,3,ANTI,1,SR
16,112,SR,PRO,0,836,3,0,0,0,3,ANTI,1,SR
1,112,SR,ANTI,0,2407,4,1,NaN,NaN,NaN,ANTI,1,SR
2,112,SR,ANTI,1,2924,2,1,0,1,4,ANTI,1,SR
3,112,SR,ANTI,1,894,1,0,1,1,2,ANTI,1,SR
4,112,SR,ANTI,0,759,4,1,1,0,1,ANTI,1,SR
5,112,SR,ANTI,0,2086,3,0,0,1,4,ANTI,1,SR
6,112,SR,ANTI,0,632,3,0,0,0,3,ANTI,1,SR
7,112,SR,ANTI,0,317,3,0,0,0,3,ANTI,1,SR
8,112,SR,ANTI,0,454,3,0,0,0,3,ANTI,1,SR
9,112,SR,ANTI,0,445,3,0,0,0,3,ANTI,1,SR
10,112,SR,ANTI,0,432,3,0,0,0,3,ANTI,1,SR
11,112,SR,ANTI,0,566,3,0,0,0,3,ANTI,1,SR
12,112,SR,ANTI,0,443,3,0,0,0,3,ANTI,1,SR
13,112,SR,ANTI,0,1390,3,0,0,0,3,ANTI,1,SR
14,112,SR,ANTI,0,816,3,0,0,0,3,ANTI,1,SR
15,112,SR,ANTI,0,792,3,0,0,0,3,ANTI,1,SR
16,112,SR,ANTI,0,1027,3,0,0,0,3,ANTI,1,SR
1,112,SD,PRO,1,0,1,0,NaN,NaN,NaN,PRO,1,SR
2,112,SD,PRO,0,4026,3,0,1,0,1,PRO,1,SR
3,112,SD,PRO,0,711,3,0,0,0,3,PRO,1,SR
4,112,SD,PRO,0,547,3,0,0,0,3,PRO,1,SR
5,112,SD,PRO,0,1046,3,0,0,0,3,PRO,1,SR
6,112,SD,PRO,0,778,3,0,0,0,3,PRO,1,SR
7,112,SD,PRO,0,420,3,0,0,0,3,PRO,1,SR
8,112,SD,PRO,0,749,3,0,0,0,3,PRO,1,SR
9,112,SD,PRO,0,457,3,0,0,0,3,PRO,1,SR
10,112,SD,PRO,0,887,3,0,0,0,3,PRO,1,SR
11,112,SD,PRO,0,625,3,0,0,0,3,PRO,1,SR
12,112,SD,PRO,0,530,3,0,0,0,3,PRO,1,SR
13,112,SD,PRO,0,870,3,0,0,0,3,PRO,1,SR
14,112,SD,PRO,0,429,3,0,0,0,3,PRO,1,SR
15,112,SD,PRO,0,301,3,0,0,0,3,PRO,1,SR
16,112,SD,PRO,0,1821,3,0,0,0,3,PRO,1,SR
1,112,SD,ANTI,0,2214,4,1,NaN,NaN,NaN,PRO,1,SR
2,112,SD,ANTI,0,834,4,1,0,1,4,PRO,1,SR
3,112,SD,ANTI,1,485,1,0,0,1,4,PRO,1,SR
4,112,SD,ANTI,0,572,3,0,1,0,1,PRO,1,SR
5,112,SD,ANTI,0,528,3,0,0,0,3,PRO,1,SR
6,112,SD,ANTI,0,454,3,0,0,0,3,PRO,1,SR
7,112,SD,ANTI,0,5722,3,0,0,0,3,PRO,1,SR
8,112,SD,ANTI,0,476,3,0,0,0,3,PRO,1,SR
9,112,SD,ANTI,0,596,3,0,0,0,3,PRO,1,SR
10,112,SD,ANTI,0,592,3,0,0,0,3,PRO,1,SR
11,112,SD,ANTI,0,2036,3,0,0,0,3,PRO,1,SR
12,112,SD,ANTI,0,895,3,0,0,0,3,PRO,1,SR
13,112,SD,ANTI,0,405,3,0,0,0,3,PRO,1,SR
14,112,SD,ANTI,0,1284,3,0,0,0,3,PRO,1,SR
15,112,SD,ANTI,0,469,3,0,0,0,3,PRO,1,SR
16,112,SD,ANTI,0,504,3,0,0,0,3,PRO,1,SR
1,113,SR,PRO,0,3193,3,0,NaN,NaN,NaN,PRO,2,SD
2,113,SR,PRO,0,1146,3,0,0,0,3,PRO,2,SD
3,113,SR,PRO,0,759,3,0,0,0,3,PRO,2,SD
4,113,SR,PRO,0,2081,3,0,0,0,3,PRO,2,SD
5,113,SR,PRO,0,630,3,0,0,0,3,PRO,2,SD
6,113,SR,PRO,0,650,3,0,0,0,3,PRO,2,SD
7,113,SR,PRO,0,1136,3,0,0,0,3,PRO,2,SD
8,113,SR,PRO,0,703,3,0,0,0,3,PRO,2,SD
9,113,SR,PRO,0,1259,3,0,0,0,3,PRO,2,SD
10,113,SR,PRO,0,1636,3,0,0,0,3,PRO,2,SD
11,113,SR,PRO,0,1508,3,0,0,0,3,PRO,2,SD
12,113,SR,PRO,0,989,3,0,0,0,3,PRO,2,SD
13,113,SR,PRO,0,1426,3,0,0,0,3,PRO,2,SD
14,113,SR,PRO,0,2692,3,0,0,0,3,PRO,2,SD
15,113,SR,PRO,0,1122,3,0,0,0,3,PRO,2,SD
16,113,SR,PRO,1,4784,1,0,0,0,3,PRO,2,SD
1,113,SR,ANTI,1,3034,2,1,NaN,NaN,NaN,PRO,2,SD
2,113,SR,ANTI,0,1079,4,1,1,1,2,PRO,2,SD
3,113,SR,ANTI,0,401,3,0,0,1,4,PRO,2,SD
4,113,SR,ANTI,0,589,3,0,0,0,3,PRO,2,SD
5,113,SR,ANTI,0,468,3,0,0,0,3,PRO,2,SD
6,113,SR,ANTI,0,620,3,0,0,0,3,PRO,2,SD
7,113,SR,ANTI,0,2781,3,0,0,0,3,PRO,2,SD
8,113,SR,ANTI,0,989,3,0,0,0,3,PRO,2,SD
9,113,SR,ANTI,0,1718,3,0,0,0,3,PRO,2,SD
10,113,SR,ANTI,0,639,3,0,0,0,3,PRO,2,SD
11,113,SR,ANTI,0,3114,3,0,0,0,3,PRO,2,SD
12,113,SR,ANTI,0,807,3,0,0,0,3,PRO,2,SD
13,113,SR,ANTI,1,0,1,0,0,0,3,PRO,2,SD
14,113,SR,ANTI,0,2874,4,1,1,0,1,PRO,2,SD
15,113,SR,ANTI,0,604,3,0,0,1,4,PRO,2,SD
16,113,SR,ANTI,0,1794,3,0,0,0,3,PRO,2,SD
1,113,SD,PRO,1,5850,1,0,NaN,NaN,NaN,ANTI,2,SD
2,113,SD,PRO,0,4347,3,0,1,0,1,ANTI,2,SD
3,113,SD,PRO,0,953,3,0,0,0,3,ANTI,2,SD
4,113,SD,PRO,0,970,3,0,0,0,3,ANTI,2,SD
5,113,SD,PRO,0,150,3,0,0,0,3,ANTI,2,SD
6,113,SD,PRO,0,1233,3,0,0,0,3,ANTI,2,SD
7,113,SD,PRO,0,606,3,0,0,0,3,ANTI,2,SD
8,113,SD,PRO,0,1694,3,0,0,0,3,ANTI,2,SD
9,113,SD,PRO,0,541,3,0,0,0,3,ANTI,2,SD
10,113,SD,PRO,0,3904,3,0,0,0,3,ANTI,2,SD
11,113,SD,PRO,0,445,3,0,0,0,3,ANTI,2,SD
12,113,SD,PRO,0,1336,3,0,0,0,3,ANTI,2,SD
13,113,SD,PRO,0,815,3,0,0,0,3,ANTI,2,SD
14,113,SD,PRO,0,461,3,0,0,0,3,ANTI,2,SD
15,113,SD,PRO,0,1687,3,0,0,0,3,ANTI,2,SD
16,113,SD,PRO,0,5747,3,0,0,0,3,ANTI,2,SD
1,113,SD,ANTI,1,0,2,1,NaN,NaN,NaN,ANTI,2,SD
2,113,SD,ANTI,0,903,4,1,1,1,2,ANTI,2,SD
3,113,SD,ANTI,0,2741,3,0,0,1,4,ANTI,2,SD
4,113,SD,ANTI,0,1966,3,0,0,0,3,ANTI,2,SD
5,113,SD,ANTI,1,0,1,0,0,0,3,ANTI,2,SD
6,113,SD,ANTI,0,2315,4,1,1,0,1,ANTI,2,SD
7,113,SD,ANTI,0,863,3,0,0,1,4,ANTI,2,SD
8,113,SD,ANTI,0,379,3,0,0,0,3,ANTI,2,SD
9,113,SD,ANTI,0,5182,3,0,0,0,3,ANTI,2,SD
10,113,SD,ANTI,0,762,3,0,0,0,3,ANTI,2,SD
11,113,SD,ANTI,0,712,3,0,0,0,3,ANTI,2,SD
12,113,SD,ANTI,0,2556,3,0,0,0,3,ANTI,2,SD
13,113,SD,ANTI,0,1374,3,0,0,0,3,ANTI,2,SD
14,113,SD,ANTI,1,0,1,0,0,0,3,ANTI,2,SD
15,113,SD,ANTI,0,1765,3,0,1,0,1,ANTI,2,SD
16,113,SD,ANTI,0,2882,3,0,0,0,3,ANTI,2,SD
1,114,SR,PRO,1,0,1,0,NaN,NaN,NaN,PRO,2,SD
2,114,SR,PRO,0,1579,3,0,1,0,1,PRO,2,SD
3,114,SR,PRO,0,593,3,0,0,0,3,PRO,2,SD
4,114,SR,PRO,1,296,1,0,0,0,3,PRO,2,SD
5,114,SR,PRO,1,407,1,0,1,0,1,PRO,2,SD
6,114,SR,PRO,1,281,2,1,1,0,1,PRO,2,SD
7,114,SR,PRO,1,1597,2,1,1,1,2,PRO,2,SD
8,114,SR,PRO,0,322,3,0,1,1,2,PRO,2,SD
9,114,SR,PRO,1,694,1,0,0,0,3,PRO,2,SD
10,114,SR,PRO,0,407,3,0,1,0,1,PRO,2,SD
11,114,SR,PRO,1,367,1,0,0,0,3,PRO,2,SD
12,114,SR,PRO,0,360,3,0,1,0,1,PRO,2,SD
13,114,SR,PRO,1,358,1,0,0,0,3,PRO,2,SD
14,114,SR,PRO,0,380,3,0,1,0,1,PRO,2,SD
15,114,SR,PRO,1,450,1,0,0,0,3,PRO,2,SD
16,114,SR,PRO,0,571,3,0,1,0,1,PRO,2,SD
1,114,SR,ANTI,0,1257,4,1,NaN,NaN,NaN,PRO,2,SD
2,114,SR,ANTI,0,1780,3,0,0,1,4,PRO,2,SD
3,114,SR,ANTI,1,754,1,0,0,0,3,PRO,2,SD
4,114,SR,ANTI,0,296,3,0,1,0,1,PRO,2,SD
5,114,SR,ANTI,1,1395,1,0,0,0,3,PRO,2,SD
6,114,SR,ANTI,0,394,4,1,1,0,1,PRO,2,SD
7,114,SR,ANTI,1,311,1,0,0,1,4,PRO,2,SD
8,114,SR,ANTI,1,332,2,1,1,0,1,PRO,2,SD
9,114,SR,ANTI,1,498,2,1,1,1,2,PRO,2,SD
10,114,SR,ANTI,0,263,4,1,1,1,2,PRO,2,SD
11,114,SR,ANTI,0,260,3,0,0,1,4,PRO,2,SD
12,114,SR,ANTI,0,335,3,0,0,0,3,PRO,2,SD
13,114,SR,ANTI,0,255,3,0,0,0,3,PRO,2,SD
14,114,SR,ANTI,0,345,3,0,0,0,3,PRO,2,SD
15,114,SR,ANTI,0,394,3,0,0,0,3,PRO,2,SD
16,114,SR,ANTI,0,304,3,0,0,0,3,PRO,2,SD
1,114,SD,PRO,1,3128,1,0,NaN,NaN,NaN,ANTI,2,SD
2,114,SD,PRO,0,521,3,0,1,0,1,ANTI,2,SD
3,114,SD,PRO,1,431,1,0,0,0,3,ANTI,2,SD
4,114,SD,PRO,1,574,2,1,1,0,1,ANTI,2,SD
5,114,SD,PRO,0,305,3,0,1,1,2,ANTI,2,SD
6,114,SD,PRO,1,363,1,0,0,0,3,ANTI,2,SD
7,114,SD,PRO,0,413,3,0,1,0,1,ANTI,2,SD
8,114,SD,PRO,1,455,1,0,0,0,3,ANTI,2,SD
9,114,SD,PRO,0,505,4,1,1,0,1,ANTI,2,SD
10,114,SD,PRO,1,582,1,0,0,1,4,ANTI,2,SD
11,114,SD,PRO,0,2631,4,1,1,0,1,ANTI,2,SD
12,114,SD,PRO,1,951,1,0,0,1,4,ANTI,2,SD
13,114,SD,PRO,1,622,1,0,1,0,1,ANTI,2,SD
14,114,SD,PRO,1,360,2,1,1,0,1,ANTI,2,SD
15,114,SD,PRO,1,606,1,0,1,1,2,ANTI,2,SD
16,114,SD,PRO,1,1222,1,0,1,0,1,ANTI,2,SD
1,114,SD,ANTI,0,1421,4,1,NaN,NaN,NaN,ANTI,2,SD
2,114,SD,ANTI,1,1255,1,0,0,1,4,ANTI,2,SD
3,114,SD,ANTI,1,611,2,1,1,0,1,ANTI,2,SD
4,114,SD,ANTI,0,470,4,1,1,1,2,ANTI,2,SD
5,114,SD,ANTI,1,284,1,0,0,1,4,ANTI,2,SD
6,114,SD,ANTI,1,488,2,1,1,0,1,ANTI,2,SD
7,114,SD,ANTI,1,500,2,1,1,1,2,ANTI,2,SD
8,114,SD,ANTI,0,361,4,1,1,1,2,ANTI,2,SD
9,114,SD,ANTI,0,358,3,0,0,1,4,ANTI,2,SD
10,114,SD,ANTI,0,513,3,0,0,0,3,ANTI,2,SD
11,114,SD,ANTI,0,594,3,0,0,0,3,ANTI,2,SD
12,114,SD,ANTI,0,436,3,0,0,0,3,ANTI,2,SD
13,114,SD,ANTI,0,371,3,0,0,0,3,ANTI,2,SD
14,114,SD,ANTI,0,721,3,0,0,0,3,ANTI,2,SD
15,114,SD,ANTI,0,351,3,0,0,0,3,ANTI,2,SD
16,114,SD,ANTI,0,324,3,0,0,0,3,ANTI,2,SD
1,115,SR,PRO,0,3730,3,0,NaN,NaN,NaN,ANTI,2,SD
2,115,SR,PRO,0,1941,3,0,0,0,3,ANTI,2,SD
3,115,SR,PRO,1,872,1,0,0,0,3,ANTI,2,SD
4,115,SR,PRO,1,1141,1,0,1,0,1,ANTI,2,SD
5,115,SR,PRO,1,394,2,1,1,0,1,ANTI,2,SD
6,115,SR,PRO,0,3452,3,0,1,1,2,ANTI,2,SD
7,115,SR,PRO,0,551,3,0,0,0,3,ANTI,2,SD
8,115,SR,PRO,1,437,1,0,0,0,3,ANTI,2,SD
9,115,SR,PRO,0,471,4,1,1,0,1,ANTI,2,SD
10,115,SR,PRO,0,3785,3,0,0,1,4,ANTI,2,SD
11,115,SR,PRO,1,325,1,0,0,0,3,ANTI,2,SD
12,115,SR,PRO,0,512,3,0,1,0,1,ANTI,2,SD
13,115,SR,PRO,1,382,1,0,0,0,3,ANTI,2,SD
14,115,SR,PRO,0,505,3,0,1,0,1,ANTI,2,SD
15,115,SR,PRO,1,433,1,0,0,0,3,ANTI,2,SD
16,115,SR,PRO,1,435,1,0,1,0,1,ANTI,2,SD
1,115,SR,ANTI,1,2493,2,1,NaN,NaN,NaN,ANTI,2,SD
2,115,SR,ANTI,1,436,1,0,1,1,2,ANTI,2,SD
3,115,SR,ANTI,1,635,2,1,1,0,1,ANTI,2,SD
4,115,SR,ANTI,0,545,3,0,1,1,2,ANTI,2,SD
5,115,SR,ANTI,1,628,1,0,0,0,3,ANTI,2,SD
6,115,SR,ANTI,0,808,4,1,1,0,1,ANTI,2,SD
7,115,SR,ANTI,1,464,1,0,0,1,4,ANTI,2,SD
8,115,SR,ANTI,0,917,4,1,1,0,1,ANTI,2,SD
9,115,SR,ANTI,1,697,1,0,0,1,4,ANTI,2,SD
10,115,SR,ANTI,1,461,1,0,1,0,1,ANTI,2,SD
11,115,SR,ANTI,1,576,2,1,1,0,1,ANTI,2,SD
12,115,SR,ANTI,0,671,4,1,1,1,2,ANTI,2,SD
13,115,SR,ANTI,1,1102,1,0,0,1,4,ANTI,2,SD
14,115,SR,ANTI,1,1325,1,0,1,0,1,ANTI,2,SD
15,115,SR,ANTI,0,1496,4,1,1,0,1,ANTI,2,SD
16,115,SR,ANTI,0,401,3,0,0,1,4,ANTI,2,SD
1,115,SD,PRO,0,3903,3,0,NaN,NaN,NaN,PRO,2,SD
2,115,SD,PRO,0,5306,3,0,0,0,3,PRO,2,SD
3,115,SD,PRO,1,5788,1,0,0,0,3,PRO,2,SD
4,115,SD,PRO,0,2142,4,1,1,0,1,PRO,2,SD
5,115,SD,PRO,0,761,3,0,0,1,4,PRO,2,SD
6,115,SD,PRO,1,1997,1,0,0,0,3,PRO,2,SD
7,115,SD,PRO,0,2833,4,1,1,0,1,PRO,2,SD
8,115,SD,PRO,0,2387,3,0,0,1,4,PRO,2,SD
9,115,SD,PRO,0,3693,3,0,0,0,3,PRO,2,SD
10,115,SD,PRO,0,2557,3,0,0,0,3,PRO,2,SD
11,115,SD,PRO,0,3901,3,0,0,0,3,PRO,2,SD
12,115,SD,PRO,0,3620,3,0,0,0,3,PRO,2,SD
13,115,SD,PRO,1,0,1,0,0,0,3,PRO,2,SD
14,115,SD,PRO,1,0,1,0,1,0,1,PRO,2,SD
15,115,SD,PRO,0,2345,4,1,1,0,1,PRO,2,SD
16,115,SD,PRO,1,3955,1,0,0,1,4,PRO,2,SD
1,115,SD,ANTI,0,3574,4,1,NaN,NaN,NaN,PRO,2,SD
2,115,SD,ANTI,1,4406,1,0,0,1,4,PRO,2,SD
3,115,SD,ANTI,1,5174,1,0,1,0,1,PRO,2,SD
4,115,SD,ANTI,0,2807,4,1,1,0,1,PRO,2,SD
5,115,SD,ANTI,0,3367,3,0,0,1,4,PRO,2,SD
6,115,SD,ANTI,1,4097,1,0,0,0,3,PRO,2,SD
7,115,SD,ANTI,1,3879,2,1,1,0,1,PRO,2,SD
8,115,SD,ANTI,1,3402,2,1,1,1,2,PRO,2,SD
9,115,SD,ANTI,1,3138,1,0,1,1,2,PRO,2,SD
10,115,SD,ANTI,0,3213,4,1,1,0,1,PRO,2,SD
11,115,SD,ANTI,1,1631,1,0,0,1,4,PRO,2,SD
12,115,SD,ANTI,1,4016,1,0,1,0,1,PRO,2,SD
13,115,SD,ANTI,1,2065,2,1,1,0,1,PRO,2,SD
14,115,SD,ANTI,0,3386,4,1,1,1,2,PRO,2,SD
15,115,SD,ANTI,1,3708,1,0,0,1,4,PRO,2,SD
16,115,SD,ANTI,1,4786,1,0,1,0,1,PRO,2,SD
1,116,SR,PRO,0,2002,3,0,NaN,NaN,NaN,ANTI,1,SR
2,116,SR,PRO,0,3517,3,0,0,0,3,ANTI,1,SR
3,116,SR,PRO,0,547,3,0,0,0,3,ANTI,1,SR
4,116,SR,PRO,0,847,3,0,0,0,3,ANTI,1,SR
5,116,SR,PRO,0,481,3,0,0,0,3,ANTI,1,SR
6,116,SR,PRO,0,579,3,0,0,0,3,ANTI,1,SR
7,116,SR,PRO,0,846,3,0,0,0,3,ANTI,1,SR
8,116,SR,PRO,0,439,3,0,0,0,3,ANTI,1,SR
9,116,SR,PRO,0,783,3,0,0,0,3,ANTI,1,SR
10,116,SR,PRO,0,854,3,0,0,0,3,ANTI,1,SR
11,116,SR,PRO,0,2007,3,0,0,0,3,ANTI,1,SR
12,116,SR,PRO,0,793,3,0,0,0,3,ANTI,1,SR
13,116,SR,PRO,0,502,3,0,0,0,3,ANTI,1,SR
14,116,SR,PRO,0,1245,3,0,0,0,3,ANTI,1,SR
15,116,SR,PRO,0,674,3,0,0,0,3,ANTI,1,SR
16,116,SR,PRO,0,1818,3,0,0,0,3,ANTI,1,SR
1,116,SR,ANTI,0,1974,4,1,NaN,NaN,NaN,ANTI,1,SR
2,116,SR,ANTI,0,1552,3,0,0,1,4,ANTI,1,SR
3,116,SR,ANTI,0,248,3,0,0,0,3,ANTI,1,SR
4,116,SR,ANTI,0,399,3,0,0,0,3,ANTI,1,SR
5,116,SR,ANTI,0,1002,3,0,0,0,3,ANTI,1,SR
6,116,SR,ANTI,0,564,3,0,0,0,3,ANTI,1,SR
7,116,SR,ANTI,0,994,3,0,0,0,3,ANTI,1,SR
8,116,SR,ANTI,0,476,3,0,0,0,3,ANTI,1,SR
9,116,SR,ANTI,0,507,3,0,0,0,3,ANTI,1,SR
10,116,SR,ANTI,0,642,3,0,0,0,3,ANTI,1,SR
11,116,SR,ANTI,0,614,3,0,0,0,3,ANTI,1,SR
12,116,SR,ANTI,0,865,3,0,0,0,3,ANTI,1,SR
13,116,SR,ANTI,0,570,3,0,0,0,3,ANTI,1,SR
14,116,SR,ANTI,0,963,3,0,0,0,3,ANTI,1,SR
15,116,SR,ANTI,0,463,3,0,0,0,3,ANTI,1,SR
16,116,SR,ANTI,0,601,3,0,0,0,3,ANTI,1,SR
1,116,SD,PRO,0,4222,3,0,NaN,NaN,NaN,PRO,1,SR
2,116,SD,PRO,0,363,3,0,0,0,3,PRO,1,SR
3,116,SD,PRO,0,2335,3,0,0,0,3,PRO,1,SR
4,116,SD,PRO,0,1458,3,0,0,0,3,PRO,1,SR
5,116,SD,PRO,1,0,1,0,0,0,3,PRO,1,SR
6,116,SD,PRO,1,0,1,0,1,0,1,PRO,1,SR
7,116,SD,PRO,0,877,4,0,1,0,1,PRO,1,SR
8,116,SD,PRO,0,580,3,0,0,0,4,PRO,1,SR
9,116,SD,PRO,0,910,3,1,0,0,3,PRO,1,SR
10,116,SD,PRO,0,1336,3,0,0,1,3,PRO,1,SR
11,116,SD,PRO,0,1604,3,0,0,0,3,PRO,1,SR
12,116,SD,PRO,1,0,1,0,0,0,3,PRO,1,SR
13,116,SD,PRO,0,440,3,0,1,0,1,PRO,1,SR
14,116,SD,PRO,1,0,1,0,0,0,3,PRO,1,SR
15,116,SD,PRO,0,355,3,0,1,0,1,PRO,1,SR
16,116,SD,PRO,1,0,1,0,0,0,3,PRO,1,SR
1,116,SD,ANTI,0,2608,4,1,NaN,NaN,NaN,PRO,1,SR
2,116,SD,ANTI,1,2859,1,0,0,1,4,PRO,1,SR
3,116,SD,ANTI,1,3040,1,0,1,0,1,PRO,1,SR
4,116,SD,ANTI,1,3109,2,1,1,0,1,PRO,1,SR
5,116,SD,ANTI,0,751,4,1,1,1,2,PRO,1,SR
6,116,SD,ANTI,1,2979,1,0,0,1,4,PRO,1,SR
7,116,SD,ANTI,0,1150,4,1,1,0,1,PRO,1,SR
8,116,SD,ANTI,1,4296,1,0,0,1,4,PRO,1,SR
9,116,SD,ANTI,0,4878,3,0,1,0,1,PRO,1,SR
10,116,SD,ANTI,1,3965,1,0,0,0,3,PRO,1,SR
11,116,SD,ANTI,0,1573,4,1,1,0,1,PRO,1,SR
12,116,SD,ANTI,0,3482,3,0,0,1,4,PRO,1,SR
13,116,SD,ANTI,0,436,3,0,0,0,3,PRO,1,SR
14,116,SD,ANTI,1,0,1,0,0,0,3,PRO,1,SR
15,116,SD,ANTI,1,0,2,1,1,0,1,PRO,1,SR
16,116,SD,ANTI,0,1449,3,0,1,1,2,PRO,1,SR
1,117,SR,PRO,1,2112,1,0,NaN,NaN,NaN,PRO,1,SR
2,117,SR,PRO,1,623,1,0,1,0,1,PRO,1,SR
3,117,SR,PRO,1,434,2,1,1,0,1,PRO,1,SR
4,117,SR,PRO,0,288,3,0,1,1,2,PRO,1,SR
5,117,SR,PRO,0,552,3,0,0,0,3,PRO,1,SR
6,117,SR,PRO,1,2531,1,0,0,0,3,PRO,1,SR
7,117,SR,PRO,1,653,1,0,1,0,1,PRO,1,SR
8,117,SR,PRO,1,199,2,1,1,0,1,PRO,1,SR
9,117,SR,PRO,0,628,3,0,1,1,2,PRO,1,SR
10,117,SR,PRO,0,816,3,0,0,0,3,PRO,1,SR
11,117,SR,PRO,1,397,1,0,0,0,3,PRO,1,SR
12,117,SR,PRO,1,4594,2,1,1,0,1,PRO,1,SR
13,117,SR,PRO,1,335,1,0,1,1,2,PRO,1,SR
14,117,SR,PRO,1,407,2,1,1,0,1,PRO,1,SR
15,117,SR,PRO,1,5545,1,0,1,1,2,PRO,1,SR
16,117,SR,PRO,0,472,3,0,1,0,1,PRO,1,SR
1,117,SR,ANTI,1,3668,2,1,NaN,NaN,NaN,PRO,1,SR
2,117,SR,ANTI,1,1501,2,1,1,1,2,PRO,1,SR
3,117,SR,ANTI,0,695,3,0,1,1,2,PRO,1,SR
4,117,SR,ANTI,1,572,1,0,0,0,3,PRO,1,SR
5,117,SR,ANTI,1,765,2,1,1,0,1,PRO,1,SR
6,117,SR,ANTI,1,758,2,1,1,1,2,PRO,1,SR
7,117,SR,ANTI,0,593,3,0,1,1,2,PRO,1,SR
8,117,SR,ANTI,1,807,1,0,0,0,3,PRO,1,SR
9,117,SR,ANTI,0,640,4,1,1,0,1,PRO,1,SR
10,117,SR,ANTI,1,688,1,0,0,1,4,PRO,1,SR
11,117,SR,ANTI,0,809,4,1,1,0,1,PRO,1,SR
12,117,SR,ANTI,0,407,3,0,0,1,4,PRO,1,SR
13,117,SR,ANTI,1,371,1,0,0,0,3,PRO,1,SR
14,117,SR,ANTI,1,2779,1,0,1,0,1,PRO,1,SR
15,117,SR,ANTI,1,428,2,1,1,0,1,PRO,1,SR
16,117,SR,ANTI,1,918,1,0,1,1,2,PRO,1,SR
1,117,SD,PRO,1,3359,1,0,NaN,NaN,NaN,ANTI,1,SR
2,117,SD,PRO,1,3084,1,0,1,0,1,ANTI,1,SR
3,117,SD,PRO,1,175,2,1,1,0,1,ANTI,1,SR
4,117,SD,PRO,1,2552,1,0,1,1,2,ANTI,1,SR
5,117,SD,PRO,1,192,1,0,1,0,1,ANTI,1,SR
6,117,SD,PRO,1,2561,2,1,1,0,1,ANTI,1,SR
7,117,SD,PRO,1,771,1,0,1,1,2,ANTI,1,SR
8,117,SD,PRO,1,312,1,0,1,0,1,ANTI,1,SR
9,117,SD,PRO,0,3682,4,1,1,0,1,ANTI,1,SR
10,117,SD,PRO,1,410,1,0,0,1,4,ANTI,1,SR
11,117,SD,PRO,1,415,1,0,1,0,1,ANTI,1,SR
12,117,SD,PRO,1,1739,2,1,1,0,1,ANTI,1,SR
13,117,SD,PRO,1,362,1,0,1,1,2,ANTI,1,SR
14,117,SD,PRO,1,0,1,0,1,0,1,ANTI,1,SR
15,117,SD,PRO,1,2776,2,1,1,0,1,ANTI,1,SR
16,117,SD,PRO,1,495,1,0,1,1,2,ANTI,1,SR
1,117,SD,ANTI,1,2178,2,1,NaN,NaN,NaN,ANTI,1,SR
2,117,SD,ANTI,1,539,2,1,1,1,2,ANTI,1,SR
3,117,SD,ANTI,1,479,2,1,1,1,2,ANTI,1,SR
4,117,SD,ANTI,1,1838,2,1,1,1,2,ANTI,1,SR
5,117,SD,ANTI,0,234,4,1,1,1,2,ANTI,1,SR
6,117,SD,ANTI,1,312,1,0,0,1,4,ANTI,1,SR
7,117,SD,ANTI,1,0,1,0,1,0,1,ANTI,1,SR
8,117,SD,ANTI,1,2748,2,1,1,0,1,ANTI,1,SR
9,117,SD,ANTI,1,2520,2,1,1,1,2,ANTI,1,SR
10,117,SD,ANTI,1,766,1,0,1,1,2,ANTI,1,SR
11,117,SD,ANTI,0,705,3,0,1,0,1,ANTI,1,SR
12,117,SD,ANTI,1,838,1,0,0,0,3,ANTI,1,SR
13,117,SD,ANTI,1,5417,1,0,1,0,1,ANTI,1,SR
14,117,SD,ANTI,1,352,2,1,1,0,1,ANTI,1,SR
15,117,SD,ANTI,1,207,2,1,1,1,2,ANTI,1,SR
16,117,SD,ANTI,1,5519,2,1,1,1,2,ANTI,1,SR
1,118,SR,PRO,0,4883,3,0,NaN,NaN,NaN,PRO,1,SR
2,118,SR,PRO,0,2491,3,0,0,0,3,PRO,1,SR
3,118,SR,PRO,0,1203,3,0,0,0,3,PRO,1,SR
4,118,SR,PRO,1,743,1,0,0,0,3,PRO,1,SR
5,118,SR,PRO,1,597,2,1,1,0,1,PRO,1,SR
6,118,SR,PRO,0,1248,3,0,1,1,2,PRO,1,SR
7,118,SR,PRO,0,1267,3,0,0,0,3,PRO,1,SR
8,118,SR,PRO,0,1768,3,0,0,0,3,PRO,1,SR
9,118,SR,PRO,0,2462,3,0,0,0,3,PRO,1,SR
10,118,SR,PRO,1,1043,1,0,0,0,3,PRO,1,SR
11,118,SR,PRO,1,1309,1,0,1,0,1,PRO,1,SR
12,118,SR,PRO,1,713,2,1,1,0,1,PRO,1,SR
13,118,SR,PRO,1,851,2,1,1,1,2,PRO,1,SR
14,118,SR,PRO,0,959,4,1,1,1,2,PRO,1,SR
15,118,SR,PRO,0,1050,3,0,0,1,4,PRO,1,SR
16,118,SR,PRO,0,1459,3,0,0,0,3,PRO,1,SR
1,118,SR,ANTI,1,2099,2,1,NaN,NaN,NaN,PRO,1,SR
2,118,SR,ANTI,1,1166,2,1,1,1,2,PRO,1,SR
3,118,SR,ANTI,1,960,2,1,1,1,2,PRO,1,SR
4,118,SR,ANTI,1,847,1,0,1,1,2,PRO,1,SR
5,118,SR,ANTI,1,1117,2,1,1,0,1,PRO,1,SR
6,118,SR,ANTI,1,948,2,1,1,1,2,PRO,1,SR
7,118,SR,ANTI,1,941,2,1,1,1,2,PRO,1,SR
8,118,SR,ANTI,1,875,2,1,1,1,2,PRO,1,SR
9,118,SR,ANTI,1,824,2,1,1,1,2,PRO,1,SR
10,118,SR,ANTI,1,817,2,1,1,1,2,PRO,1,SR
11,118,SR,ANTI,1,943,2,1,1,1,2,PRO,1,SR
12,118,SR,ANTI,1,743,1,0,1,1,2,PRO,1,SR
13,118,SR,ANTI,1,1068,2,1,1,0,1,PRO,1,SR
14,118,SR,ANTI,1,2939,2,1,1,1,2,PRO,1,SR
15,118,SR,ANTI,1,957,2,1,1,1,2,PRO,1,SR
16,118,SR,ANTI,1,815,1,0,1,1,2,PRO,1,SR
1,118,SD,PRO,0,1304,3,0,NaN,NaN,NaN,ANTI,1,SR
2,118,SD,PRO,0,5691,3,0,0,0,3,ANTI,1,SR
3,118,SD,PRO,0,1364,3,0,0,0,3,ANTI,1,SR
4,118,SD,PRO,0,2025,3,0,0,0,3,ANTI,1,SR
5,118,SD,PRO,1,0,1,0,0,0,3,ANTI,1,SR
6,118,SD,PRO,1,850,1,0,1,0,1,ANTI,1,SR
7,118,SD,PRO,1,843,2,1,1,0,1,ANTI,1,SR
8,118,SD,PRO,0,1597,4,1,1,1,2,ANTI,1,SR
9,118,SD,PRO,0,801,3,0,0,1,4,ANTI,1,SR
10,118,SD,PRO,0,1014,3,0,0,0,3,ANTI,1,SR
11,118,SD,PRO,0,1016,3,0,0,0,3,ANTI,1,SR
12,118,SD,PRO,0,989,3,0,0,0,3,ANTI,1,SR
13,118,SD,PRO,0,1431,3,0,0,0,3,ANTI,1,SR
14,118,SD,PRO,0,1960,3,0,0,0,3,ANTI,1,SR
15,118,SD,PRO,0,637,3,0,0,0,3,ANTI,1,SR
16,118,SD,PRO,0,664,3,0,0,0,3,ANTI,1,SR
1,118,SD,ANTI,0,4177,4,1,NaN,NaN,NaN,ANTI,1,SR
2,118,SD,ANTI,0,4775,3,0,0,1,4,ANTI,1,SR
3,118,SD,ANTI,0,710,3,0,0,0,3,ANTI,1,SR
4,118,SD,ANTI,0,1262,3,0,0,0,3,ANTI,1,SR
5,118,SD,ANTI,0,733,3,0,0,0,3,ANTI,1,SR
6,118,SD,ANTI,0,2785,3,0,0,0,3,ANTI,1,SR
7,118,SD,ANTI,0,1115,3,0,0,0,3,ANTI,1,SR
8,118,SD,ANTI,1,3891,1,0,0,0,3,ANTI,1,SR
9,118,SD,ANTI,1,1151,1,0,1,0,1,ANTI,1,SR
10,118,SD,ANTI,1,3129,2,1,1,0,1,ANTI,1,SR
11,118,SD,ANTI,0,608,4,1,1,1,2,ANTI,1,SR
12,118,SD,ANTI,0,786,3,0,0,1,4,ANTI,1,SR
13,118,SD,ANTI,0,949,3,0,0,0,3,ANTI,1,SR
14,118,SD,ANTI,0,1129,3,0,0,0,3,ANTI,1,SR
15,118,SD,ANTI,0,1229,3,0,0,0,3,ANTI,1,SR
16,118,SD,ANTI,0,1372,3,0,0,0,3,ANTI,1,SR
1,119,SR,PRO,0,3038,3,0,NaN,NaN,NaN,PRO,1,SR
2,119,SR,PRO,1,2444,1,0,0,0,3,PRO,1,SR
3,119,SR,PRO,1,701,1,0,1,0,1,PRO,1,SR
4,119,SR,PRO,1,2670,2,1,1,0,1,PRO,1,SR
5,119,SR,PRO,0,1086,3,0,1,1,2,PRO,1,SR
6,119,SR,PRO,0,687,3,0,0,0,3,PRO,1,SR
7,119,SR,PRO,1,608,1,0,0,0,3,PRO,1,SR
8,119,SR,PRO,1,2048,2,1,1,0,1,PRO,1,SR
9,119,SR,PRO,0,490,4,1,1,1,2,PRO,1,SR
10,119,SR,PRO,0,420,3,0,0,1,4,PRO,1,SR
11,119,SR,PRO,1,783,1,0,0,0,3,PRO,1,SR
12,119,SR,PRO,0,580,3,0,1,0,1,PRO,1,SR
13,119,SR,PRO,1,1159,1,0,0,0,3,PRO,1,SR
14,119,SR,PRO,1,1276,2,1,1,0,1,PRO,1,SR
15,119,SR,PRO,0,788,4,1,1,1,2,PRO,1,SR
16,119,SR,PRO,0,786,3,0,0,1,4,PRO,1,SR
1,119,SR,ANTI,0,1579,4,1,NaN,NaN,NaN,PRO,1,SR
2,119,SR,ANTI,1,438,2,1,0,1,4,PRO,1,SR
3,119,SR,ANTI,1,508,2,1,1,1,2,PRO,1,SR
4,119,SR,ANTI,1,394,1,0,1,1,2,PRO,1,SR
5,119,SR,ANTI,0,381,4,1,1,0,1,PRO,1,SR
6,119,SR,ANTI,1,559,1,0,0,1,4,PRO,1,SR
7,119,SR,ANTI,1,487,1,0,1,0,1,PRO,1,SR
8,119,SR,ANTI,1,1816,2,1,1,0,1,PRO,1,SR
9,119,SR,ANTI,0,444,4,1,1,1,2,PRO,1,SR
10,119,SR,ANTI,1,808,1,0,0,1,4,PRO,1,SR
11,119,SR,ANTI,1,1553,2,1,1,0,1,PRO,1,SR
12,119,SR,ANTI,1,1519,2,1,1,1,2,PRO,1,SR
13,119,SR,ANTI,0,571,4,1,1,1,2,PRO,1,SR
14,119,SR,ANTI,1,422,1,0,0,1,4,PRO,1,SR
15,119,SR,ANTI,1,734,2,1,1,0,1,PRO,1,SR
16,119,SR,ANTI,1,1699,2,1,1,1,2,PRO,1,SR
1,119,SD,PRO,1,5510,1,0,NaN,NaN,NaN,ANTI,1,SR
2,119,SD,PRO,1,1504,1,0,1,0,1,ANTI,1,SR
3,119,SD,PRO,1,0,2,1,1,0,1,ANTI,1,SR
4,119,SD,PRO,1,3551,1,0,1,1,2,ANTI,1,SR
5,119,SD,PRO,0,3189,3,0,1,0,1,ANTI,1,SR
6,119,SD,PRO,1,2245,1,0,0,0,3,ANTI,1,SR
7,119,SD,PRO,1,2450,2,1,1,0,1,ANTI,1,SR
8,119,SD,PRO,0,469,4,1,1,1,2,ANTI,1,SR
9,119,SD,PRO,0,1038,3,0,0,1,4,ANTI,1,SR
10,119,SD,PRO,0,4380,3,0,0,0,3,ANTI,1,SR
11,119,SD,PRO,0,1217,3,0,0,0,3,ANTI,1,SR
12,119,SD,PRO,1,2767,1,0,0,0,3,ANTI,1,SR
13,119,SD,PRO,1,1934,1,0,1,0,1,ANTI,1,SR
14,119,SD,PRO,1,1021,2,1,1,0,1,ANTI,1,SR
15,119,SD,PRO,1,2757,1,0,1,1,2,ANTI,1,SR
16,119,SD,PRO,0,1810,3,0,1,0,1,ANTI,1,SR
1,119,SD,ANTI,0,1146,4,1,NaN,NaN,NaN,ANTI,1,SR
2,119,SD,ANTI,1,1893,2,1,0,1,4,ANTI,1,SR
3,119,SD,ANTI,1,581,1,0,1,1,2,ANTI,1,SR
4,119,SD,ANTI,1,1836,2,1,1,0,1,ANTI,1,SR
5,119,SD,ANTI,1,359,1,0,1,1,2,ANTI,1,SR
6,119,SD,ANTI,1,417,1,0,1,0,1,ANTI,1,SR
7,119,SD,ANTI,1,553,2,1,1,0,1,ANTI,1,SR
8,119,SD,ANTI,0,2124,3,0,1,1,2,ANTI,1,SR
9,119,SD,ANTI,1,3260,1,0,0,0,3,ANTI,1,SR
10,119,SD,ANTI,1,3061,2,1,1,0,1,ANTI,1,SR
11,119,SD,ANTI,1,397,1,0,1,1,2,ANTI,1,SR
12,119,SD,ANTI,1,517,2,1,1,0,1,ANTI,1,SR
13,119,SD,ANTI,1,5463,1,0,1,1,2,ANTI,1,SR
14,119,SD,ANTI,1,1109,1,0,1,0,1,ANTI,1,SR
15,119,SD,ANTI,1,3944,2,1,1,0,1,ANTI,1,SR
16,119,SD,ANTI,1,2418,2,1,1,1,2,ANTI,1,SR
1,120,SR,PRO,0,2953,3,0,NaN,NaN,NaN,ANTI,2,SD
2,120,SR,PRO,0,428,3,0,0,0,3,ANTI,2,SD
3,120,SR,PRO,0,448,3,0,0,0,3,ANTI,2,SD
4,120,SR,PRO,0,858,3,0,0,0,3,ANTI,2,SD
5,120,SR,PRO,0,566,3,0,0,0,3,ANTI,2,SD
6,120,SR,PRO,0,460,3,0,0,0,3,ANTI,2,SD
7,120,SR,PRO,0,395,3,0,0,0,3,ANTI,2,SD
8,120,SR,PRO,0,569,3,0,0,0,3,ANTI,2,SD
9,120,SR,PRO,0,555,3,0,0,0,3,ANTI,2,SD
10,120,SR,PRO,0,1267,3,0,0,0,3,ANTI,2,SD
11,120,SR,PRO,0,925,3,0,0,0,3,ANTI,2,SD
12,120,SR,PRO,0,888,3,0,0,0,3,ANTI,2,SD
13,120,SR,PRO,0,439,3,0,0,0,3,ANTI,2,SD
14,120,SR,PRO,0,1254,3,0,0,0,3,ANTI,2,SD
15,120,SR,PRO,0,1061,3,0,0,0,3,ANTI,2,SD
16,120,SR,PRO,0,2702,3,0,0,0,3,ANTI,2,SD
1,120,SR,ANTI,0,4964,4,1,NaN,NaN,NaN,ANTI,2,SD
2,120,SR,ANTI,0,1081,3,0,0,1,4,ANTI,2,SD
3,120,SR,ANTI,0,788,3,0,0,0,3,ANTI,2,SD
4,120,SR,ANTI,0,1470,3,0,0,0,3,ANTI,2,SD
5,120,SR,ANTI,0,2540,3,0,0,0,3,ANTI,2,SD
6,120,SR,ANTI,1,2690,1,0,0,0,3,ANTI,2,SD
7,120,SR,ANTI,1,3550,2,1,1,0,1,ANTI,2,SD
8,120,SR,ANTI,0,2422,4,1,1,1,2,ANTI,2,SD
9,120,SR,ANTI,1,1332,1,0,0,1,4,ANTI,2,SD
10,120,SR,ANTI,1,2881,2,1,1,0,1,ANTI,2,SD
11,120,SR,ANTI,0,4400,4,1,1,1,2,ANTI,2,SD
12,120,SR,ANTI,1,1154,1,0,0,1,4,ANTI,2,SD
13,120,SR,ANTI,1,3953,2,1,1,0,1,ANTI,2,SD
14,120,SR,ANTI,0,3477,4,1,1,1,2,ANTI,2,SD
15,120,SR,ANTI,0,1039,3,0,0,1,4,ANTI,2,SD
16,120,SR,ANTI,0,413,3,0,0,0,3,ANTI,2,SD
1,120,SD,PRO,0,2203,3,0,NaN,NaN,NaN,ANTI,2,SD
2,120,SD,PRO,0,494,3,0,0,0,3,ANTI,2,SD
3,120,SD,PRO,0,395,3,0,0,0,3,ANTI,2,SD
4,120,SD,PRO,0,3880,3,0,0,0,3,ANTI,2,SD
5,120,SD,PRO,0,914,3,0,0,0,3,ANTI,2,SD
6,120,SD,PRO,0,1209,3,0,0,0,3,ANTI,2,SD
7,120,SD,PRO,0,1081,3,0,0,0,3,ANTI,2,SD
8,120,SD,PRO,0,844,3,0,0,0,3,ANTI,2,SD
9,120,SD,PRO,0,1384,3,0,0,0,3,ANTI,2,SD
10,120,SD,PRO,0,705,3,0,0,0,3,ANTI,2,SD
11,120,SD,PRO,1,0,1,0,0,0,3,ANTI,2,SD
12,120,SD,PRO,1,0,2,1,1,0,1,ANTI,2,SD
13,120,SD,PRO,1,0,2,1,1,1,2,ANTI,2,SD
14,120,SD,PRO,1,0,2,1,1,1,2,ANTI,2,SD
15,120,SD,PRO,1,0,1,0,1,1,2,ANTI,2,SD
16,120,SD,PRO,1,0,1,0,1,0,1,ANTI,2,SD
1,120,SD,ANTI,0,1531,4,1,NaN,NaN,NaN,ANTI,2,SD
2,120,SD,ANTI,1,2835,1,0,0,1,4,ANTI,2,SD
3,120,SD,ANTI,0,3698,4,1,1,0,1,ANTI,2,SD
4,120,SD,ANTI,1,1098,1,0,0,1,4,ANTI,2,SD
5,120,SD,ANTI,0,4135,3,0,1,0,1,ANTI,2,SD
6,120,SD,ANTI,0,789,3,0,0,0,3,ANTI,2,SD
7,120,SD,ANTI,0,618,3,0,0,0,3,ANTI,2,SD
8,120,SD,ANTI,0,801,3,0,0,0,3,ANTI,2,SD
9,120,SD,ANTI,0,399,3,0,0,0,3,ANTI,2,SD
10,120,SD,ANTI,0,464,3,0,0,0,3,ANTI,2,SD
11,120,SD,ANTI,0,577,3,0,0,0,3,ANTI,2,SD
12,120,SD,ANTI,0,531,3,0,0,0,3,ANTI,2,SD
13,120,SD,ANTI,0,479,3,0,0,0,3,ANTI,2,SD
14,120,SD,ANTI,0,934,3,0,0,0,3,ANTI,2,SD
15,120,SD,ANTI,0,883,3,0,0,0,3,ANTI,2,SD
16,120,SD,ANTI,0,715,3,0,0,0,3,ANTI,2,SD
1,121,SR,PRO,1,1625,1,0,NaN,NaN,NaN,ANTI,2,SD
2,121,SR,PRO,1,412,1,0,1,0,1,ANTI,2,SD
3,121,SR,PRO,1,261,2,1,1,0,1,ANTI,2,SD
4,121,SR,PRO,1,636,1,0,1,1,2,ANTI,2,SD
5,121,SR,PRO,0,306,3,0,1,0,1,ANTI,2,SD
6,121,SR,PRO,1,227,1,0,0,0,3,ANTI,2,SD
7,121,SR,PRO,1,242,2,1,1,0,1,ANTI,2,SD
8,121,SR,PRO,1,308,1,0,1,1,2,ANTI,2,SD
9,121,SR,PRO,1,66,1,0,1,0,1,ANTI,2,SD
10,121,SR,PRO,0,328,4,1,1,0,1,ANTI,2,SD
11,121,SR,PRO,0,341,3,0,0,1,4,ANTI,2,SD
12,121,SR,PRO,1,464,1,0,0,0,3,ANTI,2,SD
13,121,SR,PRO,1,257,2,1,1,0,1,ANTI,2,SD
14,121,SR,PRO,1,217,1,0,1,1,2,ANTI,2,SD
15,121,SR,PRO,1,310,1,0,1,0,1,ANTI,2,SD
16,121,SR,PRO,1,297,2,1,1,0,1,ANTI,2,SD
1,121,SR,ANTI,0,2429,4,1,NaN,NaN,NaN,ANTI,2,SD
2,121,SR,ANTI,0,1406,3,0,0,1,4,ANTI,2,SD
3,121,SR,ANTI,1,758,1,0,0,0,3,ANTI,2,SD
4,121,SR,ANTI,1,272,1,0,1,0,1,ANTI,2,SD
5,121,SR,ANTI,1,235,2,1,1,0,1,ANTI,2,SD
6,121,SR,ANTI,1,270,1,0,1,1,2,ANTI,2,SD
7,121,SR,ANTI,1,252,2,1,1,0,1,ANTI,2,SD
8,121,SR,ANTI,1,261,2,1,1,1,2,ANTI,2,SD
9,121,SR,ANTI,0,215,3,0,1,1,2,ANTI,2,SD
10,121,SR,ANTI,1,233,1,0,0,0,3,ANTI,2,SD
11,121,SR,ANTI,0,204,4,1,1,0,1,ANTI,2,SD
12,121,SR,ANTI,1,220,1,0,0,1,4,ANTI,2,SD
13,121,SR,ANTI,1,316,2,1,1,0,1,ANTI,2,SD
14,121,SR,ANTI,1,275,1,0,1,1,2,ANTI,2,SD
15,121,SR,ANTI,1,298,2,1,1,0,1,ANTI,2,SD
16,121,SR,ANTI,1,264,2,1,1,1,2,ANTI,2,SD
1,121,SD,PRO,0,2020,3,0,NaN,NaN,NaN,PRO,2,SD
2,121,SD,PRO,1,2177,1,0,0,0,3,PRO,2,SD
3,121,SD,PRO,1,950,2,1,1,0,1,PRO,2,SD
4,121,SD,PRO,0,287,4,1,1,1,2,PRO,2,SD
5,121,SD,PRO,0,296,3,0,0,1,4,PRO,2,SD
6,121,SD,PRO,0,426,3,0,0,0,3,PRO,2,SD
7,121,SD,PRO,0,218,3,0,0,0,3,PRO,2,SD
8,121,SD,PRO,1,251,1,0,0,0,3,PRO,2,SD
9,121,SD,PRO,1,367,1,0,1,0,1,PRO,2,SD
10,121,SD,PRO,1,291,2,1,1,0,1,PRO,2,SD
11,121,SD,PRO,1,213,2,1,1,1,2,PRO,2,SD
12,121,SD,PRO,0,104,4,1,1,1,2,PRO,2,SD
13,121,SD,PRO,1,294,1,0,0,1,4,PRO,2,SD
14,121,SD,PRO,0,484,3,0,1,0,1,PRO,2,SD
15,121,SD,PRO,1,391,1,0,0,0,3,PRO,2,SD
16,121,SD,PRO,0,1187,3,0,1,0,1,PRO,2,SD
1,121,SD,ANTI,1,1076,2,1,NaN,NaN,NaN,PRO,2,SD
2,121,SD,ANTI,1,373,1,0,1,1,2,PRO,2,SD
3,121,SD,ANTI,1,500,2,1,1,0,1,PRO,2,SD
4,121,SD,ANTI,0,480,4,1,1,1,2,PRO,2,SD
5,121,SD,ANTI,0,1392,3,0,0,1,4,PRO,2,SD
6,121,SD,ANTI,0,1383,3,0,0,0,3,PRO,2,SD
7,121,SD,ANTI,1,3839,1,0,0,0,3,PRO,2,SD
8,121,SD,ANTI,1,4015,2,1,1,0,1,PRO,2,SD
9,121,SD,ANTI,1,4255,1,0,1,1,2,PRO,2,SD
10,121,SD,ANTI,1,4236,2,1,1,0,1,PRO,2,SD
11,121,SD,ANTI,0,818,4,1,1,1,2,PRO,2,SD
12,121,SD,ANTI,1,1455,1,0,0,1,4,PRO,2,SD
13,121,SD,ANTI,1,4710,2,1,1,0,1,PRO,2,SD
14,121,SD,ANTI,1,4545,1,0,1,1,2,PRO,2,SD
15,121,SD,ANTI,1,4523,2,1,1,0,1,PRO,2,SD
16,121,SD,ANTI,1,4610,1,0,1,1,2,PRO,2,SD
1,122,SR,PRO,0,3260,3,0,NaN,NaN,NaN,PRO,2,SD
2,122,SR,PRO,0,2250,3,0,0,0,3,PRO,2,SD
3,122,SR,PRO,0,1540,3,0,0,0,3,PRO,2,SD
4,122,SR,PRO,0,2131,3,0,0,0,3,PRO,2,SD
5,122,SR,PRO,0,2467,3,0,0,0,3,PRO,2,SD
6,122,SR,PRO,0,1846,3,0,0,0,3,PRO,2,SD
7,122,SR,PRO,0,2045,3,0,0,0,3,PRO,2,SD
8,122,SR,PRO,0,2949,3,0,0,0,3,PRO,2,SD
9,122,SR,PRO,0,1769,3,0,0,0,3,PRO,2,SD
10,122,SR,PRO,0,2185,3,0,0,0,3,PRO,2,SD
11,122,SR,PRO,0,1563,3,0,0,0,3,PRO,2,SD
12,122,SR,PRO,0,5748,3,0,0,0,3,PRO,2,SD
13,122,SR,PRO,0,2322,3,0,0,0,3,PRO,2,SD
14,122,SR,PRO,0,2621,3,0,0,0,3,PRO,2,SD
15,122,SR,PRO,0,1348,3,0,0,0,3,PRO,2,SD
16,122,SR,PRO,0,1195,3,0,0,0,3,PRO,2,SD
1,122,SR,ANTI,0,1865,4,1,NaN,NaN,NaN,PRO,2,SD
2,122,SR,ANTI,0,2575,4,1,0,1,4,PRO,2,SD
3,122,SR,ANTI,1,1996,1,0,0,1,4,PRO,2,SD
4,122,SR,ANTI,1,959,2,1,1,0,1,PRO,2,SD
5,122,SR,ANTI,0,1586,4,1,1,1,2,PRO,2,SD
6,122,SR,ANTI,1,756,1,0,0,1,4,PRO,2,SD
7,122,SR,ANTI,1,1347,2,1,1,0,1,PRO,2,SD
8,122,SR,ANTI,1,1512,2,1,1,1,2,PRO,2,SD
9,122,SR,ANTI,1,1189,2,1,1,1,2,PRO,2,SD
10,122,SR,ANTI,0,1239,3,0,1,1,2,PRO,2,SD
11,122,SR,ANTI,0,1764,3,0,0,0,3,PRO,2,SD
12,122,SR,ANTI,0,1673,3,0,0,0,3,PRO,2,SD
13,122,SR,ANTI,0,1900,3,0,0,0,3,PRO,2,SD
14,122,SR,ANTI,0,3834,3,0,0,0,3,PRO,2,SD
15,122,SR,ANTI,0,1216,3,0,0,0,3,PRO,2,SD
16,122,SR,ANTI,0,1252,3,0,0,0,3,PRO,2,SD
1,122,SD,PRO,0,2223,3,0,NaN,NaN,NaN,ANTI,2,SD
2,122,SD,PRO,0,1831,3,0,0,0,3,ANTI,2,SD
3,122,SD,PRO,0,2703,3,0,0,0,3,ANTI,2,SD
4,122,SD,PRO,0,1812,3,0,0,0,3,ANTI,2,SD
5,122,SD,PRO,0,1791,3,0,0,0,3,ANTI,2,SD
6,122,SD,PRO,0,1760,3,0,0,0,3,ANTI,2,SD
7,122,SD,PRO,0,1261,3,0,0,0,3,ANTI,2,SD
8,122,SD,PRO,0,3159,3,0,0,0,3,ANTI,2,SD
9,122,SD,PRO,0,1590,3,0,0,0,3,ANTI,2,SD
10,122,SD,PRO,0,1717,3,0,0,0,3,ANTI,2,SD
11,122,SD,PRO,0,2073,3,0,0,0,3,ANTI,2,SD
12,122,SD,PRO,0,1997,3,0,0,0,3,ANTI,2,SD
13,122,SD,PRO,0,2729,3,0,0,0,3,ANTI,2,SD
14,122,SD,PRO,0,2741,3,0,0,0,3,ANTI,2,SD
15,122,SD,PRO,0,1111,3,0,0,0,3,ANTI,2,SD
16,122,SD,PRO,0,2257,3,0,0,0,3,ANTI,2,SD
1,122,SD,ANTI,1,4107,4,1,NaN,NaN,NaN,ANTI,2,SD
2,122,SD,ANTI,1,3188,4,1,1,1,4,ANTI,2,SD
3,122,SD,ANTI,0,1914,1,0,1,1,4,ANTI,2,SD
4,122,SD,ANTI,0,2430,1,0,0,0,1,ANTI,2,SD
5,122,SD,ANTI,0,1827,2,1,0,0,1,ANTI,2,SD
6,122,SD,ANTI,1,1760,4,1,0,1,2,ANTI,2,SD
7,122,SD,ANTI,1,1883,3,0,1,1,4,ANTI,2,SD
8,122,SD,ANTI,1,1469,3,0,1,0,3,ANTI,2,SD
9,122,SD,ANTI,1,2256,3,0,1,0,3,ANTI,2,SD
10,122,SD,ANTI,1,2019,3,0,1,0,3,ANTI,2,SD
11,122,SD,ANTI,1,1980,3,0,1,0,3,ANTI,2,SD
12,122,SD,ANTI,1,3038,3,0,1,0,3,ANTI,2,SD
13,122,SD,ANTI,1,2618,3,0,1,0,3,ANTI,2,SD
14,122,SD,ANTI,1,2279,3,0,1,0,3,ANTI,2,SD
15,122,SD,ANTI,1,1838,3,0,1,0,3,ANTI,2,SD
16,122,SD,ANTI,1,2452,3,0,1,0,3,ANTI,2,SD
1,123,SR,PRO,0,1125,3,0,NaN,NaN,NaN,PRO,1,SR
2,123,SR,PRO,0,2567,3,0,0,0,3,PRO,1,SR
3,123,SR,PRO,0,706,3,0,0,0,3,PRO,1,SR
4,123,SR,PRO,0,738,3,0,0,0,3,PRO,1,SR
5,123,SR,PRO,0,973,3,0,0,0,3,PRO,1,SR
6,123,SR,PRO,0,828,3,0,0,0,3,PRO,1,SR
7,123,SR,PRO,0,658,3,0,0,0,3,PRO,1,SR
8,123,SR,PRO,0,750,3,0,0,0,3,PRO,1,SR
9,123,SR,PRO,0,717,3,0,0,0,3,PRO,1,SR
10,123,SR,PRO,0,851,3,0,0,0,3,PRO,1,SR
11,123,SR,PRO,0,979,3,0,0,0,3,PRO,1,SR
12,123,SR,PRO,0,624,3,0,0,0,3,PRO,1,SR
13,123,SR,PRO,0,663,3,0,0,0,3,PRO,1,SR
14,123,SR,PRO,0,835,3,0,0,0,3,PRO,1,SR
15,123,SR,PRO,0,645,3,0,0,0,3,PRO,1,SR
16,123,SR,PRO,0,626,3,0,0,0,3,PRO,1,SR
1,123,SR,ANTI,0,1327,4,1,NaN,NaN,NaN,PRO,1,SR
2,123,SR,ANTI,1,591,2,1,0,1,4,PRO,1,SR
3,123,SR,ANTI,1,1433,1,0,1,1,2,PRO,1,SR
4,123,SR,ANTI,1,906,1,0,1,0,1,PRO,1,SR
5,123,SR,ANTI,1,914,2,1,1,0,1,PRO,1,SR
6,123,SR,ANTI,1,901,1,0,1,1,2,PRO,1,SR
7,123,SR,ANTI,1,558,2,1,1,0,1,PRO,1,SR
8,123,SR,ANTI,1,581,1,0,1,1,2,PRO,1,SR
9,123,SR,ANTI,1,604,2,1,1,0,1,PRO,1,SR
10,123,SR,ANTI,1,1325,2,1,1,1,2,PRO,1,SR
11,123,SR,ANTI,1,1378,2,1,1,1,2,PRO,1,SR
12,123,SR,ANTI,1,909,2,1,1,1,2,PRO,1,SR
13,123,SR,ANTI,1,877,2,1,1,1,2,PRO,1,SR
14,123,SR,ANTI,1,801,1,0,1,1,2,PRO,1,SR
15,123,SR,ANTI,0,1952,3,0,1,0,1,PRO,1,SR
16,123,SR,ANTI,0,852,3,0,0,0,3,PRO,1,SR
1,123,SD,PRO,0,1155,3,0,NaN,NaN,NaN,ANTI,1,SR
2,123,SD,PRO,0,756,3,0,0,0,3,ANTI,1,SR
3,123,SD,PRO,0,795,3,0,0,0,3,ANTI,1,SR
4,123,SD,PRO,0,575,3,0,0,0,3,ANTI,1,SR
5,123,SD,PRO,0,703,3,0,0,0,3,ANTI,1,SR
6,123,SD,PRO,0,706,3,0,0,0,3,ANTI,1,SR
7,123,SD,PRO,0,674,3,0,0,0,3,ANTI,1,SR
8,123,SD,PRO,0,807,3,0,0,0,3,ANTI,1,SR
9,123,SD,PRO,0,829,3,0,0,0,3,ANTI,1,SR
10,123,SD,PRO,0,742,3,0,0,0,3,ANTI,1,SR
11,123,SD,PRO,0,794,3,0,0,0,3,ANTI,1,SR
12,123,SD,PRO,0,1189,3,0,0,0,3,ANTI,1,SR
13,123,SD,PRO,0,936,3,0,0,0,3,ANTI,1,SR
14,123,SD,PRO,1,853,1,0,0,0,3,ANTI,1,SR
15,123,SD,PRO,1,693,1,0,1,0,1,ANTI,1,SR
16,123,SD,PRO,1,816,2,1,1,0,1,ANTI,1,SR
1,123,SD,ANTI,0,1638,4,1,NaN,NaN,NaN,ANTI,1,SR
2,123,SD,ANTI,0,938,4,1,0,1,4,ANTI,1,SR
3,123,SD,ANTI,1,640,1,0,0,1,4,ANTI,1,SR
4,123,SD,ANTI,0,1664,4,1,1,0,1,ANTI,1,SR
5,123,SD,ANTI,1,769,1,0,0,1,4,ANTI,1,SR
6,123,SD,ANTI,1,460,1,0,1,0,1,ANTI,1,SR
7,123,SD,ANTI,1,949,2,1,1,0,1,ANTI,1,SR
8,123,SD,ANTI,1,566,2,1,1,1,2,ANTI,1,SR
9,123,SD,ANTI,1,767,1,0,1,1,2,ANTI,1,SR
10,123,SD,ANTI,1,787,1,0,1,0,1,ANTI,1,SR
11,123,SD,ANTI,1,818,2,1,1,0,1,ANTI,1,SR
12,123,SD,ANTI,1,632,2,1,1,1,2,ANTI,1,SR
13,123,SD,ANTI,1,875,2,1,1,1,2,ANTI,1,SR
14,123,SD,ANTI,1,2718,1,0,1,1,2,ANTI,1,SR
15,123,SD,ANTI,1,620,1,0,1,0,1,ANTI,1,SR
16,123,SD,ANTI,1,615,2,1,1,0,1,ANTI,1,SR
1,124,SR,PRO,1,5350,1,0,NaN,NaN,NaN,PRO,2,SD
2,124,SR,PRO,0,3111,3,0,1,0,1,PRO,2,SD
3,124,SR,PRO,0,857,3,0,0,0,3,PRO,2,SD
4,124,SR,PRO,0,498,3,0,0,0,3,PRO,2,SD
5,124,SR,PRO,0,227,3,0,0,0,3,PRO,2,SD
6,124,SR,PRO,0,496,3,0,0,0,3,PRO,2,SD
7,124,SR,PRO,0,728,3,0,0,0,3,PRO,2,SD
8,124,SR,PRO,0,921,3,0,0,0,3,PRO,2,SD
9,124,SR,PRO,0,907,3,0,0,0,3,PRO,2,SD
10,124,SR,PRO,0,528,3,0,0,0,3,PRO,2,SD
11,124,SR,PRO,0,630,3,0,0,0,3,PRO,2,SD
12,124,SR,PRO,0,349,3,0,0,0,3,PRO,2,SD
13,124,SR,PRO,0,899,3,0,0,0,3,PRO,2,SD
14,124,SR,PRO,0,720,3,0,0,0,3,PRO,2,SD
15,124,SR,PRO,0,1085,3,0,0,0,3,PRO,2,SD
16,124,SR,PRO,1,1621,1,0,0,0,3,PRO,2,SD
1,124,SR,ANTI,0,1453,4,1,NaN,NaN,NaN,PRO,2,SD
2,124,SR,ANTI,0,527,3,0,0,1,4,PRO,2,SD
3,124,SR,ANTI,0,372,3,0,0,0,3,PRO,2,SD
4,124,SR,ANTI,0,349,3,0,0,0,3,PRO,2,SD
5,124,SR,ANTI,0,200,3,0,0,0,3,PRO,2,SD
6,124,SR,ANTI,0,288,3,0,0,0,3,PRO,2,SD
7,124,SR,ANTI,0,557,3,0,0,0,3,PRO,2,SD
8,124,SR,ANTI,0,426,3,0,0,0,3,PRO,2,SD
9,124,SR,ANTI,0,543,3,0,0,0,3,PRO,2,SD
10,124,SR,ANTI,0,706,3,0,0,0,3,PRO,2,SD
11,124,SR,ANTI,0,341,3,0,0,0,3,PRO,2,SD
12,124,SR,ANTI,0,375,3,0,0,0,3,PRO,2,SD
13,124,SR,ANTI,0,413,3,0,0,0,3,PRO,2,SD
14,124,SR,ANTI,0,556,3,0,0,0,3,PRO,2,SD
15,124,SR,ANTI,0,598,3,0,0,0,3,PRO,2,SD
16,124,SR,ANTI,0,185,3,0,0,0,3,PRO,2,SD
1,124,SD,PRO,1,4067,1,0,NaN,NaN,NaN,ANTI,2,SD
2,124,SD,PRO,0,381,3,0,1,0,1,ANTI,2,SD
3,124,SD,PRO,0,572,3,0,0,0,3,ANTI,2,SD
4,124,SD,PRO,0,260,3,0,0,0,3,ANTI,2,SD
5,124,SD,PRO,0,535,3,0,0,0,3,ANTI,2,SD
6,124,SD,PRO,0,475,3,0,0,0,3,ANTI,2,SD
7,124,SD,PRO,0,853,3,0,0,0,3,ANTI,2,SD
8,124,SD,PRO,0,314,3,0,0,0,3,ANTI,2,SD
9,124,SD,PRO,0,350,3,0,0,0,3,ANTI,2,SD
10,124,SD,PRO,0,1565,3,0,0,0,3,ANTI,2,SD
11,124,SD,PRO,0,630,3,0,0,0,3,ANTI,2,SD
12,124,SD,PRO,0,1169,3,0,0,0,3,ANTI,2,SD
13,124,SD,PRO,0,438,3,0,0,0,3,ANTI,2,SD
14,124,SD,PRO,0,322,3,0,0,0,3,ANTI,2,SD
15,124,SD,PRO,0,558,3,0,0,0,3,ANTI,2,SD
16,124,SD,PRO,0,284,3,0,0,0,3,ANTI,2,SD
1,124,SD,ANTI,1,5079,2,1,NaN,NaN,NaN,ANTI,2,SD
2,124,SD,ANTI,0,3895,4,1,1,1,2,ANTI,2,SD
3,124,SD,ANTI,1,1443,1,0,0,1,4,ANTI,2,SD
4,124,SD,ANTI,1,2025,2,1,1,0,1,ANTI,2,SD
5,124,SD,ANTI,0,2312,4,1,1,1,2,ANTI,2,SD
6,124,SD,ANTI,1,453,1,0,0,1,4,ANTI,2,SD
7,124,SD,ANTI,1,883,2,1,1,0,1,ANTI,2,SD
8,124,SD,ANTI,0,998,4,1,1,1,2,ANTI,2,SD
9,124,SD,ANTI,1,400,1,0,0,1,4,ANTI,2,SD
10,124,SD,ANTI,1,250,2,1,1,0,1,ANTI,2,SD
11,124,SD,ANTI,0,249,4,1,1,1,2,ANTI,2,SD
12,124,SD,ANTI,1,394,1,0,0,1,4,ANTI,2,SD
13,124,SD,ANTI,1,270,1,0,1,0,1,ANTI,2,SD
14,124,SD,ANTI,1,3021,2,1,1,0,1,ANTI,2,SD
15,124,SD,ANTI,1,422,2,1,1,1,2,ANTI,2,SD
16,124,SD,ANTI,1,554,2,1,1,1,2,ANTI,2,SD
1,125,SR,PRO,0,1225,3,0,NaN,NaN,NaN,PRO,1,SR
2,125,SR,PRO,0,630,3,0,0,0,3,PRO,1,SR
3,125,SR,PRO,0,368,3,0,0,0,3,PRO,1,SR
4,125,SR,PRO,0,813,3,0,0,0,3,PRO,1,SR
5,125,SR,PRO,0,633,3,0,0,0,3,PRO,1,SR
6,125,SR,PRO,0,241,3,0,0,0,3,PRO,1,SR
7,125,SR,PRO,0,801,3,0,0,0,3,PRO,1,SR
8,125,SR,PRO,0,670,3,0,0,0,3,PRO,1,SR
9,125,SR,PRO,0,456,3,0,0,0,3,PRO,1,SR
10,125,SR,PRO,0,488,3,0,0,0,3,PRO,1,SR
11,125,SR,PRO,0,388,3,0,0,0,3,PRO,1,SR
12,125,SR,PRO,0,702,3,0,0,0,3,PRO,1,SR
13,125,SR,PRO,0,897,3,0,0,0,3,PRO,1,SR
14,125,SR,PRO,0,381,3,0,0,0,3,PRO,1,SR
15,125,SR,PRO,0,401,3,0,0,0,3,PRO,1,SR
16,125,SR,PRO,0,471,3,0,0,0,3,PRO,1,SR
1,125,SR,ANTI,0,642,4,1,NaN,NaN,NaN,PRO,1,SR
2,125,SR,ANTI,0,1295,3,0,0,1,4,PRO,1,SR
3,125,SR,ANTI,0,1589,3,0,0,0,3,PRO,1,SR
4,125,SR,ANTI,0,1390,3,0,0,0,3,PRO,1,SR
5,125,SR,ANTI,0,1161,3,0,0,0,3,PRO,1,SR
6,125,SR,ANTI,0,282,3,0,0,0,3,PRO,1,SR
7,125,SR,ANTI,0,1068,3,0,0,0,3,PRO,1,SR
8,125,SR,ANTI,0,934,3,0,0,0,3,PRO,1,SR
9,125,SR,ANTI,0,1019,3,0,0,0,3,PRO,1,SR
10,125,SR,ANTI,0,924,3,0,0,0,3,PRO,1,SR
11,125,SR,ANTI,0,321,3,0,0,0,3,PRO,1,SR
12,125,SR,ANTI,0,740,3,0,0,0,3,PRO,1,SR
13,125,SR,ANTI,0,491,3,0,0,0,3,PRO,1,SR
14,125,SR,ANTI,0,541,3,0,0,0,3,PRO,1,SR
15,125,SR,ANTI,0,880,3,0,0,0,3,PRO,1,SR
16,125,SR,ANTI,0,461,3,0,0,0,3,PRO,1,SR
1,125,SD,PRO,0,1358,3,0,NaN,NaN,NaN,ANTI,1,SR
2,125,SD,PRO,0,683,3,0,0,0,3,ANTI,1,SR
3,125,SD,PRO,0,457,3,0,0,0,3,ANTI,1,SR
4,125,SD,PRO,0,363,3,0,0,0,3,ANTI,1,SR
5,125,SD,PRO,0,354,3,0,0,0,3,ANTI,1,SR
6,125,SD,PRO,0,921,3,0,0,0,3,ANTI,1,SR
7,125,SD,PRO,0,296,3,0,0,0,3,ANTI,1,SR
8,125,SD,PRO,0,437,3,0,0,0,3,ANTI,1,SR
9,125,SD,PRO,0,4110,3,0,0,0,3,ANTI,1,SR
10,125,SD,PRO,0,651,3,0,0,0,3,ANTI,1,SR
11,125,SD,PRO,0,319,3,0,0,0,3,ANTI,1,SR
12,125,SD,PRO,1,2746,1,0,0,0,3,ANTI,1,SR
13,125,SD,PRO,0,585,3,0,1,0,1,ANTI,1,SR
14,125,SD,PRO,0,561,3,0,0,0,3,ANTI,1,SR
15,125,SD,PRO,0,482,3,0,0,0,3,ANTI,1,SR
16,125,SD,PRO,0,262,3,0,0,0,3,ANTI,1,SR
1,125,SD,ANTI,0,2049,4,1,NaN,NaN,NaN,ANTI,1,SR
2,125,SD,ANTI,0,703,3,0,0,1,4,ANTI,1,SR
3,125,SD,ANTI,0,572,3,0,0,0,3,ANTI,1,SR
4,125,SD,ANTI,0,349,3,0,0,0,3,ANTI,1,SR
5,125,SD,ANTI,0,479,3,0,0,0,3,ANTI,1,SR
6,125,SD,ANTI,0,978,3,0,0,0,3,ANTI,1,SR
7,125,SD,ANTI,0,791,3,0,0,0,3,ANTI,1,SR
8,125,SD,ANTI,0,434,3,0,0,0,3,ANTI,1,SR
9,125,SD,ANTI,0,387,3,0,0,0,3,ANTI,1,SR
10,125,SD,ANTI,0,490,3,0,0,0,3,ANTI,1,SR
11,125,SD,ANTI,0,438,3,0,0,0,3,ANTI,1,SR
12,125,SD,ANTI,0,610,3,0,0,0,3,ANTI,1,SR
13,125,SD,ANTI,1,725,1,0,0,0,3,ANTI,1,SR
14,125,SD,ANTI,0,737,3,0,1,0,1,ANTI,1,SR
15,125,SD,ANTI,0,403,3,0,0,0,3,ANTI,1,SR
16,125,SD,ANTI,0,585,3,0,0,0,3,ANTI,1,SR
1,126,SR,PRO,0,1531,3,0,NaN,NaN,NaN,PRO,1,SR
2,126,SR,PRO,0,1066,3,0,0,0,3,PRO,1,SR
3,126,SR,PRO,0,656,3,0,0,0,3,PRO,1,SR
4,126,SR,PRO,0,830,3,0,0,0,3,PRO,1,SR
5,126,SR,PRO,0,718,3,0,0,0,3,PRO,1,SR
6,126,SR,PRO,0,687,3,0,0,0,3,PRO,1,SR
7,126,SR,PRO,0,617,3,0,0,0,3,PRO,1,SR
8,126,SR,PRO,0,614,3,0,0,0,3,PRO,1,SR
9,126,SR,PRO,0,629,3,0,0,0,3,PRO,1,SR
10,126,SR,PRO,0,753,3,0,0,0,3,PRO,1,SR
11,126,SR,PRO,0,1404,3,0,0,0,3,PRO,1,SR
12,126,SR,PRO,0,617,3,0,0,0,3,PRO,1,SR
13,126,SR,PRO,0,1020,3,0,0,0,3,PRO,1,SR
14,126,SR,PRO,0,1002,3,0,0,0,3,PRO,1,SR
15,126,SR,PRO,0,1181,3,0,0,0,3,PRO,1,SR
16,126,SR,PRO,0,1030,3,0,0,0,3,PRO,1,SR
1,126,SR,ANTI,0,1457,4,1,NaN,NaN,NaN,PRO,1,SR
2,126,SR,ANTI,0,2357,4,1,0,1,4,PRO,1,SR
3,126,SR,ANTI,1,851,1,0,0,1,4,PRO,1,SR
4,126,SR,ANTI,0,3349,3,0,1,0,1,PRO,1,SR
5,126,SR,ANTI,0,710,3,0,0,0,3,PRO,1,SR
6,126,SR,ANTI,0,1443,3,0,0,0,3,PRO,1,SR
7,126,SR,ANTI,0,867,3,0,0,0,3,PRO,1,SR
8,126,SR,ANTI,0,945,3,0,0,0,3,PRO,1,SR
9,126,SR,ANTI,0,699,3,0,0,0,3,PRO,1,SR
10,126,SR,ANTI,0,695,3,0,0,0,3,PRO,1,SR
11,126,SR,ANTI,0,733,3,0,0,0,3,PRO,1,SR
12,126,SR,ANTI,0,965,3,0,0,0,3,PRO,1,SR
13,126,SR,ANTI,0,1163,3,0,0,0,3,PRO,1,SR
14,126,SR,ANTI,0,669,3,0,0,0,3,PRO,1,SR
15,126,SR,ANTI,0,618,3,0,0,0,3,PRO,1,SR
16,126,SR,ANTI,0,557,3,0,0,0,3,PRO,1,SR
1,126,SD,PRO,0,922,3,0,NaN,NaN,NaN,ANTI,1,SR
2,126,SD,PRO,0,1726,3,0,0,0,3,ANTI,1,SR
3,126,SD,PRO,0,727,3,0,0,0,3,ANTI,1,SR
4,126,SD,PRO,0,3758,3,0,0,0,3,ANTI,1,SR
5,126,SD,PRO,0,3440,3,0,0,0,3,ANTI,1,SR
6,126,SD,PRO,0,393,3,0,0,0,3,ANTI,1,SR
7,126,SD,PRO,0,632,3,0,0,0,3,ANTI,1,SR
8,126,SD,PRO,0,1231,3,0,0,0,3,ANTI,1,SR
9,126,SD,PRO,0,783,3,0,0,0,3,ANTI,1,SR
10,126,SD,PRO,0,957,3,0,0,0,3,ANTI,1,SR
11,126,SD,PRO,0,1730,3,0,0,0,3,ANTI,1,SR
12,126,SD,PRO,1,1256,1,0,0,0,3,ANTI,1,SR
13,126,SD,PRO,0,552,3,0,1,0,1,ANTI,1,SR
14,126,SD,PRO,0,746,3,0,0,0,3,ANTI,1,SR
15,126,SD,PRO,0,664,3,0,0,0,3,ANTI,1,SR
16,126,SD,PRO,0,835,3,0,0,0,3,ANTI,1,SR
1,126,SD,ANTI,0,2035,4,1,NaN,NaN,NaN,ANTI,1,SR
2,126,SD,ANTI,0,1249,4,1,0,1,4,ANTI,1,SR
3,126,SD,ANTI,0,2831,3,0,0,1,4,ANTI,1,SR
4,126,SD,ANTI,0,995,3,0,0,0,3,ANTI,1,SR
5,126,SD,ANTI,0,919,3,0,0,0,3,ANTI,1,SR
6,126,SD,ANTI,0,691,3,0,0,0,3,ANTI,1,SR
7,126,SD,ANTI,1,619,1,0,0,0,3,ANTI,1,SR
8,126,SD,ANTI,0,941,4,1,1,0,1,ANTI,1,SR
9,126,SD,ANTI,0,603,3,0,0,1,4,ANTI,1,SR
10,126,SD,ANTI,0,805,3,0,0,0,3,ANTI,1,SR
11,126,SD,ANTI,0,603,3,0,0,0,3,ANTI,1,SR
12,126,SD,ANTI,0,735,3,0,0,0,3,ANTI,1,SR
13,126,SD,ANTI,0,616,3,0,0,0,3,ANTI,1,SR
14,126,SD,ANTI,0,5586,3,0,0,0,3,ANTI,1,SR
15,126,SD,ANTI,0,945,3,0,0,0,3,ANTI,1,SR
16,126,SD,ANTI,0,3290,3,0,0,0,3,ANTI,1,SR
1,128,SR,PRO,0,5818,3,0,NaN,NaN,NaN,PRO,1,SR
2,128,SR,PRO,1,1350,1,0,0,0,3,PRO,1,SR
3,128,SR,PRO,1,2383,1,0,1,0,1,PRO,1,SR
4,128,SR,PRO,0,504,4,1,1,0,1,PRO,1,SR
5,128,SR,PRO,1,383,1,0,0,1,4,PRO,1,SR
6,128,SR,PRO,0,663,3,0,1,0,1,PRO,1,SR
7,128,SR,PRO,1,472,1,0,0,0,3,PRO,1,SR
8,128,SR,PRO,0,632,3,0,1,0,1,PRO,1,SR
9,128,SR,PRO,1,362,1,0,0,0,3,PRO,1,SR
10,128,SR,PRO,1,401,2,1,1,0,1,PRO,1,SR
11,128,SR,PRO,1,387,1,0,1,1,2,PRO,1,SR
12,128,SR,PRO,1,419,1,0,1,0,1,PRO,1,SR
13,128,SR,PRO,1,425,2,1,1,0,1,PRO,1,SR
14,128,SR,PRO,0,488,4,1,1,1,2,PRO,1,SR
15,128,SR,PRO,0,470,3,0,0,1,4,PRO,1,SR
16,128,SR,PRO,1,465,1,0,0,0,3,PRO,1,SR
1,128,SR,ANTI,1,2375,2,1,NaN,NaN,NaN,PRO,1,SR
2,128,SR,ANTI,0,479,4,1,1,1,2,PRO,1,SR
3,128,SR,ANTI,1,381,1,0,0,1,4,PRO,1,SR
4,128,SR,ANTI,1,309,2,1,1,0,1,PRO,1,SR
5,128,SR,ANTI,1,404,2,1,1,1,2,PRO,1,SR
6,128,SR,ANTI,1,336,2,1,1,1,2,PRO,1,SR
7,128,SR,ANTI,1,623,2,1,1,1,2,PRO,1,SR
8,128,SR,ANTI,1,508,1,0,1,1,2,PRO,1,SR
9,128,SR,ANTI,1,554,2,1,1,0,1,PRO,1,SR
10,128,SR,ANTI,1,357,2,1,1,1,2,PRO,1,SR
11,128,SR,ANTI,0,442,4,1,1,1,2,PRO,1,SR
12,128,SR,ANTI,1,431,1,0,0,1,4,PRO,1,SR
13,128,SR,ANTI,1,500,2,1,1,0,1,PRO,1,SR
14,128,SR,ANTI,1,439,2,1,1,1,2,PRO,1,SR
15,128,SR,ANTI,1,436,2,1,1,1,2,PRO,1,SR
16,128,SR,ANTI,1,593,2,1,1,1,2,PRO,1,SR
1,128,SD,PRO,1,2650,1,0,NaN,NaN,NaN,ANTI,1,SR
2,128,SD,PRO,1,497,1,0,1,0,1,ANTI,1,SR
3,128,SD,PRO,1,1428,2,1,1,0,1,ANTI,1,SR
4,128,SD,PRO,1,1456,1,0,1,1,2,ANTI,1,SR
5,128,SD,PRO,1,483,2,1,1,0,1,ANTI,1,SR
6,128,SD,PRO,0,2195,3,0,1,1,2,ANTI,1,SR
7,128,SD,PRO,1,414,1,0,0,0,3,ANTI,1,SR
8,128,SD,PRO,1,603,2,1,1,0,1,ANTI,1,SR
9,128,SD,PRO,1,578,1,0,1,1,2,ANTI,1,SR
10,128,SD,PRO,1,653,1,0,1,0,1,ANTI,1,SR
11,128,SD,PRO,1,922,2,1,1,0,1,ANTI,1,SR
12,128,SD,PRO,1,907,1,0,1,1,2,ANTI,1,SR
13,128,SD,PRO,1,957,1,0,1,0,1,ANTI,1,SR
14,128,SD,PRO,1,1469,2,1,1,0,1,ANTI,1,SR
15,128,SD,PRO,1,1451,1,0,1,1,2,ANTI,1,SR
16,128,SD,PRO,1,950,1,0,1,0,1,ANTI,1,SR
1,128,SD,ANTI,0,1554,4,1,NaN,NaN,NaN,ANTI,1,SR
2,128,SD,ANTI,1,905,1,0,0,1,4,ANTI,1,SR
3,128,SD,ANTI,1,500,2,1,1,0,1,ANTI,1,SR
4,128,SD,ANTI,1,874,1,0,1,1,2,ANTI,1,SR
5,128,SD,ANTI,1,421,2,1,1,0,1,ANTI,1,SR
6,128,SD,ANTI,1,1328,1,0,1,1,2,ANTI,1,SR
7,128,SD,ANTI,1,5069,2,1,1,0,1,ANTI,1,SR
8,128,SD,ANTI,1,4832,1,0,1,1,2,ANTI,1,SR
9,128,SD,ANTI,1,1176,1,0,1,0,1,ANTI,1,SR
10,128,SD,ANTI,1,73,2,1,1,0,1,ANTI,1,SR
11,128,SD,ANTI,1,420,2,1,1,1,2,ANTI,1,SR
12,128,SD,ANTI,1,505,2,1,1,1,2,ANTI,1,SR
13,128,SD,ANTI,1,424,2,1,1,1,2,ANTI,1,SR
14,128,SD,ANTI,1,354,2,1,1,1,2,ANTI,1,SR
15,128,SD,ANTI,1,594,2,1,1,1,2,ANTI,1,SR
16,128,SD,ANTI,1,3014,2,1,1,1,2,ANTI,1,SR
